Year,Term,YearTerm,Subject,Number,Course Title,Sched Type,A+,A,A-,B+,B,B-,C+,C,C-,D+,D,D-,F,W,Students,Primary Instructor
2022,Spring,2022-sp,CHEM,101,Introductory Chemistry,DIS,0,8,6,6,10,7,9,7,6,4,3,1,3,2,72,"Szymanski, A"
2022,Spring,2022-sp,CHEM,101,Introductory Chemistry,LEC,21,45,23,20,58,25,19,19,6,0,4,0,21,8,269,"Szymanski, Andrew"
2023,Fall,2023-fa,CHEM,101,Introductory Chemistry,DIS,7,8,8,29,21,13,7,8,3,7,7,0,2,5,125,"Delgadillo, J"
2023,Fall,2023-fa,CHEM,101,Introductory Chemistry,LEC,13,22,2,36,28,20,16,30,30,0,0,8,24,8,237,"Delgadillo, Jarosław"
2023,Fall,2023-fa,CHEM,101,Introductory Chemistry,LEC,7,33,19,31,29,34,16,30,26,17,28,6,9,7,292,"Szymanski, Andrew"
2023,Spring,2023-sp,CHEM,101,Introductory Chemistry,LEC,13,36,40,38,61,41,24,43,26,16,16,20,16,14,404,"Delgadillo, Jarosław"
2023,Spring,2023-sp,CHEM,101,Introductory Chemistry,LEC,0,30,27,52,41,53,42,36,52,0,5,0,28,14,380,"Szymanski, Andrew"
2024,Fall,2024-fa,CHEM,101,Introductory Chemistry,DIS,1,8,10,3,10,13,4,7,7,1,6,0,3,0,73,"Delgadillo, J"
2024,Fall,2024-fa,CHEM,101,Introductory Chemistry,LEC,15,36,26,18,24,26,25,21,8,14,13,8,11,5,250,"Delgadillo, Jarosław"
2024,Fall,2024-fa,CHEM,101,Introductory Chemistry,ONL,15,22,27,32,54,43,19,29,13,11,25,0,7,8,305,"Szymanski, Andrew"
2024,Spring,2024-sp,CHEM,101,Introductory Chemistry,DIS,9,14,4,17,14,4,14,8,5,4,0,2,10,2,107,"Delgadillo, J"
2024,Spring,2024-sp,CHEM,101,Introductory Chemistry,LEC,9,37,16,25,50,23,44,46,11,1,0,0,9,8,279,"Delgadillo, Jarosław"
2024,Spring,2024-sp,CHEM,101,Introductory Chemistry,LEC,10,35,25,29,27,41,33,24,10,12,3,0,0,4,253,"Szymanski, A"
2025,Fall,2025-fa,CHEM,101,Introductory Chemistry,DIS,1,12,5,6,14,5,15,6,3,1,5,9,12,1,95,"Delgadillo, J"
2025,Fall,2025-fa,CHEM,101,Introductory Chemistry,LEC,5,41,18,12,44,17,15,13,10,20,16,14,28,12,265,
2025,Fall,2025-fa,CHEM,101,Introductory Chemistry,LEC,0,32,31,24,46,28,12,27,11,33,0,9,6,9,268,"Delgadillo, Jarosław"
2025,Fall,2025-fa,CHEM,101,Introductory Chemistry,LEC,4,23,28,56,44,29,24,31,31,12,24,0,11,15,332,"Staff"
2020,Fall,2020-fa,CHEM,102,General Chemistry I,LCD,8,40,30,14,59,40,37,53,33,5,0,1,17,13,350,"Vasquez-Holm, Mihail"
2020,Spring,2020-sp,CHEM,102,General Chemistry I,LEC,14,28,12,36,39,56,34,38,10,17,6,0,14,9,313,"Vasquez-Holm, M"
2021,Fall,2021-fa,CHEM,102,General Chemistry I,LEC,10,19,15,26,71,37,34,28,40,21,12,16,9,10,348,"Bogusławski, Amara"
2021,Fall,2021-fa,CHEM,102,General Chemistry I,LEC,9,22,12,40,40,20,35,28,19,25,11,4,2,11,278,"Brandvold, Steven"
2021,Spring,2021-sp,CHEM,102,General Chemistry I,DIS,6,10,5,7,13,9,15,11,5,5,2,2,3,3,96,"Vasquez-Holm, M"
2021,Spring,2021-sp,CHEM,102,General Chemistry I,LEC,6,29,31,25,36,45,62,63,32,43,4,0,14,14,404,"Vasquez Holm, Mihail"
2022,Spring,2022-sp,CHEM,102,General Chemistry I,DIS,12,8,3,14,9,13,12,11,10,0,12,8,8,5,125,"Vasquez-Holm, M"
2022,Spring,2022-sp,CHEM,102,General Chemistry I,LCD,7,38,0,22,32,37,52,38,43,17,20,23,19,11,359,"Bogusławski, Amara"
2022,Spring,2022-sp,CHEM,102,General Chemistry I,LEC,23,23,20,12,24,25,22,34,13,17,7,3,10,4,237,"Brandvold, Steven"
2022,Spring,2022-sp,CHEM,102,General Chemistry I,LEC,5,7,17,10,8,16,26,13,22,4,12,5,4,4,153,"Vasquez-Holm, Mihail"
2023,Fall,2023-fa,CHEM,102,General Chemistry I,LEC,0,12,6,33,32,35,39,32,39,31,11,8,3,3,284,"Vasquez-Holm, Mihail"
2023,Spring,2023-sp,CHEM,102,General Chemistry I,DIS,6,17,4,7,17,8,13,7,6,4,0,3,0,1,93,"Brandvold, S"
2023,Spring,2023-sp,CHEM,102,General Chemistry I,LEC,20,28,52,43,27,22,42,41,21,22,31,12,8,8,377,"Brandvold, Steven"
2023,Spring,2023-sp,CHEM,102,General Chemistry I,ONL,4,16,25,48,37,60,51,32,57,11,23,15,21,15,415,"Bogusławski, Amara"
2024,Fall,2024-fa,CHEM,102,General Chemistry I,LEC,6,15,8,17,33,22,24,23,20,1,8,13,0,8,198,"Brandvold, Steve"
2024,Fall,2024-fa,CHEM,102,General Chemistry I,LEC,4,27,26,22,24,38,25,28,23,9,0,0,9,3,238,"Vasquez-Holm, Mihail"
2024,Spring,2024-sp,CHEM,102,General Chemistry I,LCD,4,16,23,30,51,31,36,20,29,16,6,24,0,10,296,"Brandvold, Steven"
2024,Spring,2024-sp,CHEM,102,General Chemistry I,LCD,14,14,13,3,44,20,42,37,14,13,4,0,1,9,228,"Vasquez-Holm, Mihail"
2020,Fall,2020-fa,CHEM,103,General Chemistry Lab I,LEC,15,14,11,8,6,1,5,2,0,0,3,2,0,0,67,"Sevilla, Magnus"
2020,Spring,2020-sp,CHEM,103,General Chemistry Lab I,ONL,15,23,4,2,4,0,3,0,1,0,0,1,0,0,53,"Sevilla, M"
2021,Fall,2021-fa,CHEM,103,General Chemistry Lab I,LCD,14,14,4,6,2,1,4,0,0,0,4,0,5,2,56,"Sevilla, Magnus"
2022,Fall,2022-fa,CHEM,103,General Chemistry Lab I,LEC,19,12,4,5,6,6,0,1,0,0,0,3,0,3,59,"Sevilla, Magnus"
2021,Spring,2021-sp,CHEM,104,General Chemistry II,DIS,7,8,6,3,11,1,3,9,3,5,3,2,0,1,62,"Brandvold, S"
2021,Spring,2021-sp,CHEM,104,General Chemistry II,LEC,12,16,35,42,49,18,31,6,28,13,5,0,0,7,262,"Brandvold, Steven"
2022,Spring,2022-sp,CHEM,104,General Chemistry II,LEC,2,27,22,21,28,22,27,36,24,17,8,4,0,13,251,"Brandvold, Steve"
2023,Spring,2023-sp,CHEM,104,General Chemistry II,LEC,7,13,6,16,16,16,12,16,11,0,0,3,6,3,125,"Brandvold, Steven"
2024,Fall,2024-fa,CHEM,104,General Chemistry II,LEC,39,37,43,35,47,37,31,69,45,2,11,4,0,10,410,"Brandvold, Steven"
2024,Spring,2024-sp,CHEM,104,General Chemistry II,LCD,7,17,33,35,29,19,34,25,16,14,16,13,1,4,263,"Brandvold, S"
2021,Fall,2021-fa,CHEM,105,General Chemistry Lab II,ONL,8,18,11,9,7,3,4,0,0,0,0,0,0,2,62,"Galloway, C"
2022,Fall,2022-fa,CHEM,105,General Chemistry Lab II,LEC,9,20,10,1,7,3,1,2,0,3,0,3,4,0,63,"Szymanski, A"
2022,Spring,2022-sp,CHEM,105,General Chemistry Lab II,LCD,9,14,5,1,3,3,4,0,1,0,0,1,2,0,43,"Galloway, Chinedu"
2023,Fall,2023-fa,CHEM,105,General Chemistry Lab II,LCD,6,20,5,2,6,0,0,0,0,3,0,2,2,4,50,"Delgadillo, Jarosław"
2023,Fall,2023-fa,CHEM,105,General Chemistry Lab II,LCD,5,18,6,4,3,3,1,4,3,0,3,0,1,0,51,"Szymanski, Andrew"
2023,Spring,2023-sp,CHEM,105,General Chemistry Lab II,LCD,5,21,5,1,3,0,0,2,0,1,0,0,0,2,40,"Delgadillo, Jarosław"
2023,Spring,2023-sp,CHEM,105,General Chemistry Lab II,LEC,17,19,14,4,7,0,0,0,2,1,2,0,0,0,66,"Galloway, C"
2023,Spring,2023-sp,CHEM,105,General Chemistry Lab II,LEC,13,21,13,2,8,0,7,2,1,0,1,2,0,4,74,"Szymanski, Andrew"
2024,Spring,2024-sp,CHEM,105,General Chemistry Lab II,LCD,10,13,8,3,5,2,2,2,0,0,2,2,2,1,52,"Delgadillo, Jarosław"
2024,Spring,2024-sp,CHEM,105,General Chemistry Lab II,LEC,5,23,6,2,3,5,1,1,0,2,0,0,0,1,49,"Szymanski, Andrew"
2025,Fall,2025-fa,CHEM,105,General Chemistry Lab II,ONL,11,22,10,6,1,1,0,0,0,1,4,0,0,0,56,"Delgadillo, Jarosław"
2020,Spring,2020-sp,CHEM,199,Undergraduate Open Seminar,ONL,11,10,0,3,0,0,0,0,0,0,0,0,0,0,24,"Achterberg, Christopher"
2021,Fall,2021-fa,CHEM,199,Undergraduate Open Seminar,LCD,8,11,4,0,0,0,0,0,1,0,0,0,0,1,25,"Galloway, Chinedu"
2021,Fall,2021-fa,CHEM,199,Undergraduate Open Seminar,LEC,7,11,1,0,0,0,1,0,0,0,0,0,0,1,21,"Achterberg, C"
2022,Fall,2022-fa,CHEM,199,Undergraduate Open Seminar,LEC,10,6,1,0,0,0,0,0,3,0,0,1,0,2,23,"Achterberg, Christopher"
2022,Fall,2022-fa,CHEM,199,Undergraduate Open Seminar,LEC,0,17,2,1,4,0,0,1,0,0,0,0,0,1,26,"Galloway, Chinedu"
2023,Fall,2023-fa,CHEM,199,Undergraduate Open Seminar,ONL,1,12,5,0,0,0,1,2,0,0,0,0,0,0,21,"Galloway, Chinedu"
2023,Spring,2023-sp,CHEM,199,Undergraduate Open Seminar,LEC,5,5,0,2,0,0,0,1,0,1,0,0,0,1,15,"Achterberg, Christopher"
2024,Fall,2024-fa,CHEM,199,Undergraduate Open Seminar,DIS,4,4,0,0,0,0,0,0,0,0,1,0,0,0,9,"Achterberg, C"
2024,Fall,2024-fa,CHEM,199,Undergraduate Open Seminar,LEC,5,11,1,0,0,0,0,0,1,1,0,0,0,0,19,"Achterberg, Christopher"
2025,Fall,2025-fa,CHEM,199,Undergraduate Open Seminar,LEC,12,5,0,0,0,0,0,0,0,0,0,0,0,0,17,"Achterberg, Christopher"
2020,Spring,2020-sp,CHEM,202,Accelerated Chemistry I,LEC,23,9,24,29,21,10,21,21,19,4,4,0,0,8,193,"Takahashi, Elif"
2021,Fall,2021-fa,CHEM,202,Accelerated Chemistry I,LEC,1,30,9,33,29,29,19,38,15,14,13,5,9,7,251,"Reinholt, Isabeau"
2021,Fall,2021-fa,CHEM,202,Accelerated Chemistry I,LEC,43,25,37,38,71,18,18,17,13,17,7,0,5,0,309,"Takahashi, Elif"
2021,Spring,2021-sp,CHEM,202,Accelerated Chemistry I,LCD,3,36,18,32,37,27,9,34,19,21,0,0,15,4,255,"Reinholt, Isabeau"
2021,Spring,2021-sp,CHEM,202,Accelerated Chemistry I,LEC,23,21,17,35,18,21,27,6,8,12,0,8,2,6,204,"Takahashi, Elif"
2022,Fall,2022-fa,CHEM,202,Accelerated Chemistry I,LEC,9,51,35,10,38,26,22,28,18,14,2,11,6,3,273,"Reinholt, Isabeau"
2022,Fall,2022-fa,CHEM,202,Accelerated Chemistry I,LEC,14,4,8,30,21,9,23,13,13,12,10,0,0,9,166,"Takahashi, Elif"
2023,Fall,2023-fa,CHEM,202,Accelerated Chemistry I,LCD,20,16,7,18,34,20,14,19,12,5,0,16,1,6,188,"Takahashi, Elif"
2023,Fall,2023-fa,CHEM,202,Accelerated Chemistry I,ONL,0,41,9,24,52,14,28,35,4,5,0,8,5,4,229,"Reinholt, Isabeau"
2023,Spring,2023-sp,CHEM,202,Accelerated Chemistry I,DIS,0,8,7,4,7,4,3,7,0,2,1,1,2,0,46,"Reinholt, I"
2023,Spring,2023-sp,CHEM,202,Accelerated Chemistry I,LEC,0,36,6,19,31,30,36,22,10,21,16,0,9,7,243,"Reinholt, Isabeau"
2023,Spring,2023-sp,CHEM,202,Accelerated Chemistry I,ONL,15,25,25,35,36,31,27,44,12,4,0,9,4,9,276,"Takahashi, Elif"
2020,Spring,2020-sp,CHEM,203,Accelerated Chemistry Lab I,LCD,2,16,17,12,21,10,4,23,1,0,0,1,0,3,110,"Karimi, Samuel"
2021,Fall,2021-fa,CHEM,203,Accelerated Chemistry Lab I,DIS,1,9,6,8,5,4,0,6,2,0,4,2,0,0,47,"Karimi, S"
2021,Fall,2021-fa,CHEM,203,Accelerated Chemistry Lab I,LCD,8,11,24,19,30,14,1,4,5,4,0,0,0,0,120,"Boguslawski, Amara"
2021,Fall,2021-fa,CHEM,203,Accelerated Chemistry Lab I,LEC,7,11,10,10,17,8,2,4,4,0,2,0,0,6,81,"Karimi, Samuel"
2021,Spring,2021-sp,CHEM,203,Accelerated Chemistry Lab I,LCD,2,10,11,13,10,6,4,2,2,0,0,0,0,1,61,"Karimi, Samuel"
2022,Fall,2022-fa,CHEM,203,Accelerated Chemistry Lab I,DIS,3,5,11,7,7,8,4,1,0,0,0,0,0,0,46,"Bogusławski, A"
2022,Fall,2022-fa,CHEM,203,Accelerated Chemistry Lab I,DIS,0,6,1,4,4,3,4,2,0,0,0,0,0,2,26,"Ćosić, D"
2022,Fall,2022-fa,CHEM,203,Accelerated Chemistry Lab I,LEC,10,23,15,20,21,19,0,13,11,1,2,1,6,5,147,"Bogusławski, Amara"
2022,Fall,2022-fa,CHEM,203,Accelerated Chemistry Lab I,LEC,1,7,21,13,17,15,3,9,0,7,0,0,3,5,101,"Karimi, Samuel"
2022,Spring,2022-sp,CHEM,203,Accelerated Chemistry Lab I,LEC,11,19,23,20,20,15,9,1,9,3,7,0,0,3,140,"Bogusławski, Amara"
2023,Fall,2023-fa,CHEM,203,Accelerated Chemistry Lab I,LEC,3,18,9,11,11,13,3,5,9,6,0,2,0,0,90,"Bogusławski, Amara"
2023,Spring,2023-sp,CHEM,203,Accelerated Chemistry Lab I,DIS,2,5,3,9,6,8,0,1,0,0,0,0,0,0,34,"Kaminski, N"
2023,Spring,2023-sp,CHEM,203,Accelerated Chemistry Lab I,LCD,5,26,15,20,11,12,3,5,1,1,4,14,6,5,128,"Karimi, S"
2023,Spring,2023-sp,CHEM,203,Accelerated Chemistry Lab I,LEC,4,16,16,17,21,11,6,2,8,3,1,0,0,3,108,"Bogusławski, Amara"
2020,Spring,2020-sp,CHEM,204,Accelerated Chemistry II,LCD,11,25,21,23,16,14,31,14,27,3,8,0,24,6,223,"Alcantara, Oriol Jr"
2021,Fall,2021-fa,CHEM,204,Accelerated Chemistry II,LCD,0,23,13,19,26,37,11,29,10,11,9,17,0,2,207,"Alcantara, Oriol"
2021,Fall,2021-fa,CHEM,204,Accelerated Chemistry II,LCD,4,16,6,20,18,8,12,16,12,6,11,3,4,8,144,"Brandvold, Steven"
2021,Spring,2021-sp,CHEM,204,Accelerated Chemistry II,LEC,9,27,35,14,24,7,34,20,15,27,5,1,16,5,239,"Brandvold, Steven"
2022,Fall,2022-fa,CHEM,204,Accelerated Chemistry II,LCD,0,17,15,14,8,6,16,17,10,6,2,0,0,3,114,"Alcantara, Oriol"
2022,Fall,2022-fa,CHEM,204,Accelerated Chemistry II,LEC,10,17,19,36,30,16,23,21,14,9,4,0,13,9,221,"Brandvold, S"
2023,Fall,2023-fa,CHEM,204,Accelerated Chemistry II,DIS,2,6,5,10,7,7,6,4,10,2,0,1,3,1,64,"Alcantara, O"
2023,Fall,2023-fa,CHEM,204,Accelerated Chemistry II,LCD,21,26,17,13,36,41,32,25,13,4,3,1,0,6,238,"Brandvold, S"
2023,Fall,2023-fa,CHEM,204,Accelerated Chemistry II,LEC,3,13,10,10,20,13,8,24,16,13,6,0,0,4,140,"Alcantara, Oriol"
2023,Spring,2023-sp,CHEM,204,Accelerated Chemistry II,DIS,2,3,2,9,7,3,3,8,6,0,1,2,0,0,46,"Brandvold, S"
2023,Spring,2023-sp,CHEM,204,Accelerated Chemistry II,LEC,4,38,23,31,26,37,22,37,0,7,21,2,0,5,253,"Brandvold, Steven"
2024,Fall,2024-fa,CHEM,204,Accelerated Chemistry II,ONL,6,8,12,21,25,10,16,19,12,2,7,5,12,9,164,"Alcantara, Oriol"
2024,Spring,2024-sp,CHEM,204,Accelerated Chemistry II,LEC,9,21,14,17,29,15,16,16,8,2,0,2,0,7,156,"Brandvold, S"
2020,Spring,2020-sp,CHEM,205,Accelerated Chemistry Lab II,LEC,2,10,6,11,13,8,1,8,0,0,0,2,3,0,64,"Baptiste, Dariusz"
2020,Spring,2020-sp,CHEM,205,Accelerated Chemistry Lab II,LEC,6,12,12,7,8,2,4,6,0,5,0,1,0,4,67,"Sevilla, Magnus"
2021,Fall,2021-fa,CHEM,205,Accelerated Chemistry Lab II,DIS,0,2,3,1,6,3,2,0,0,0,0,1,1,1,20,"Baptiste, D"
2021,Fall,2021-fa,CHEM,205,Accelerated Chemistry Lab II,LEC,6,11,4,19,11,7,9,16,2,1,2,0,4,4,96,"Baptiste, Dariusz"
2021,Fall,2021-fa,CHEM,205,Accelerated Chemistry Lab II,LEC,0,5,6,3,4,0,3,1,1,1,0,0,3,1,28,"Reinholt, Isabeau"
2021,Fall,2021-fa,CHEM,205,Accelerated Chemistry Lab II,LEC,7,11,13,7,3,1,3,10,0,3,5,1,0,0,64,"Sevilla, M"
2021,Spring,2021-sp,CHEM,205,Accelerated Chemistry Lab II,LCD,14,11,13,14,9,6,2,1,0,0,6,1,4,1,82,"Sevilla, Magnus"
2021,Spring,2021-sp,CHEM,205,Accelerated Chemistry Lab II,LEC,5,10,13,6,15,9,5,0,2,0,3,2,4,3,77,"Baptiste, Dariusz"
2021,Spring,2021-sp,CHEM,205,Accelerated Chemistry Lab II,LEC,0,31,14,25,18,4,8,3,4,0,2,0,0,6,115,"Reinholt, Isabeau"
2022,Fall,2022-fa,CHEM,205,Accelerated Chemistry Lab II,LEC,6,19,14,10,11,10,0,4,1,0,0,2,5,2,84,"Baptiste, Dariusz"
2022,Fall,2022-fa,CHEM,205,Accelerated Chemistry Lab II,LEC,6,7,6,6,7,3,0,0,0,0,0,0,0,1,36,"Sevilla, Magnus"
2022,Spring,2022-sp,CHEM,205,Accelerated Chemistry Lab II,LCD,4,14,8,8,17,7,4,6,8,2,0,0,0,1,79,"Reinholt, Isabeau"
2023,Fall,2023-fa,CHEM,205,Accelerated Chemistry Lab II,ONL,0,12,9,12,17,9,2,3,3,7,0,4,11,1,90,"Baptiste, Dariusz"
2023,Spring,2023-sp,CHEM,205,Accelerated Chemistry Lab II,DIS,3,8,2,2,3,1,1,2,1,3,2,1,0,2,31,"Reinholt, I"
2023,Spring,2023-sp,CHEM,205,Accelerated Chemistry Lab II,LEC,4,14,15,11,15,6,7,5,9,8,0,4,2,5,105,"Reinholt, Isabeau"
2024,Fall,2024-fa,CHEM,205,Accelerated Chemistry Lab II,LEC,3,18,17,3,15,9,2,2,0,1,3,2,2,3,80,"Baptiste, Dariusz"
2020,Fall,2020-fa,CHEM,232,Elementary Organic Chemistry I,LEC,12,16,17,16,18,15,8,5,9,4,1,0,6,4,131,"Baptiste, Dariusz"
2021,Fall,2021-fa,CHEM,232,Elementary Organic Chemistry I,LEC,2,12,6,8,20,16,5,13,11,3,6,0,0,2,104,"Baptiste, Dariusz"
2021,Spring,2021-sp,CHEM,232,Elementary Organic Chemistry I,ONL,10,19,21,9,21,11,15,16,5,9,7,0,6,0,149,"Baptiste, Dariusz"
2022,Fall,2022-fa,CHEM,232,Elementary Organic Chemistry I,ONL,3,17,11,19,18,20,12,21,4,5,9,1,8,6,154,"Baptiste, Dariusz"
2022,Spring,2022-sp,CHEM,232,Elementary Organic Chemistry I,LEC,8,17,8,6,25,13,11,16,13,9,4,0,3,4,137,"Baptiste, Dariusz"
2023,Fall,2023-fa,CHEM,232,Elementary Organic Chemistry I,LEC,0,11,18,7,22,19,14,19,6,9,0,2,0,4,131,"Baptiste, Dariusz"
2023,Spring,2023-sp,CHEM,232,Elementary Organic Chemistry I,LEC,5,7,14,8,18,7,7,21,6,10,5,14,15,2,139,"Baptiste, Dariusz"
2024,Spring,2024-sp,CHEM,232,Elementary Organic Chemistry I,LCD,5,23,10,11,21,20,9,28,9,7,16,4,10,8,181,"Baptiste, Dariusz"
2021,Fall,2021-fa,CHEM,233,Elementary Organic Chem Lab I,LCD,44,45,38,25,26,20,6,0,0,5,0,0,4,4,217,"Blackwood, Elodie"
2022,Fall,2022-fa,CHEM,233,Elementary Organic Chem Lab I,LEC,66,54,41,34,31,12,12,3,0,0,7,0,3,14,277,"Blackwood, Elodie"
2023,Spring,2023-sp,CHEM,233,Elementary Organic Chem Lab I,LEC,33,31,38,18,12,13,1,0,0,8,5,0,0,7,166,"Blackwood, Elodie"
2024,Spring,2024-sp,CHEM,233,Elementary Organic Chem Lab I,LEC,41,61,63,9,41,20,2,16,0,5,7,0,0,7,272,"Blackwood, Elodie"
2025,Fall,2025-fa,CHEM,233,Elementary Organic Chem Lab I,LEC,53,63,31,21,37,5,0,0,8,0,9,5,0,4,236,"Blackwood, Elodie"
2025,Spring,2025-sp,CHEM,233,Elementary Organic Chem Lab I,LEC,36,26,35,20,28,12,9,1,4,2,0,0,6,6,185,"Blackwood, E"
2020,Fall,2020-fa,CHEM,236,Fundamental Organic Chem I,LEC,1,4,0,3,11,3,3,9,7,0,0,0,4,0,45,"Vasquez-Holm, Mihail"
2021,Fall,2021-fa,CHEM,236,Fundamental Organic Chem I,DIS,2,5,3,1,1,0,2,7,1,0,0,1,0,0,23,"Vasquez-Holm, M"
2021,Fall,2021-fa,CHEM,236,Fundamental Organic Chem I,LEC,0,4,3,1,8,3,3,4,1,0,0,0,2,0,29,"Vasquez-Holm, Mihail"
2022,Spring,2022-sp,CHEM,236,Fundamental Organic Chem I,LCD,5,24,9,2,16,4,4,10,0,0,0,0,7,4,85,"Vasquez-Holm, Mihail"
2023,Fall,2023-fa,CHEM,236,Fundamental Organic Chem I,ONL,1,23,7,7,20,17,5,17,1,0,3,0,5,2,108,"Vasquez-Holm, Mihail"
2024,Fall,2024-fa,CHEM,236,Fundamental Organic Chem I,ONL,0,14,6,9,11,3,3,7,5,0,4,1,2,3,68,"Vasquez-Holm, Mihail Jr"
2024,Spring,2024-sp,CHEM,236,Fundamental Organic Chem I,LEC,10,15,9,6,14,8,6,13,3,5,6,0,0,2,97,"Vasquez-Holm, Mihail"
2020,Fall,2020-fa,CHEM,237,Structure and Synthesis,ONL,0,9,9,10,11,7,8,11,5,2,1,3,0,2,78,"Alcantara, Oriol"
2021,Fall,2021-fa,CHEM,237,Structure and Synthesis,LEC,0,4,6,0,7,3,2,6,5,1,2,0,0,1,37,"Galloway, Chinedu"
2021,Spring,2021-sp,CHEM,237,Structure and Synthesis,LEC,0,4,5,2,8,4,6,8,4,1,0,0,0,1,43,"Alcantara, Oriol"
2021,Spring,2021-sp,CHEM,237,Structure and Synthesis,LEC,4,7,9,6,10,5,2,7,1,1,0,3,0,2,57,"Galloway, Chinedu"
2022,Fall,2022-fa,CHEM,237,Structure and Synthesis,LEC,1,10,9,3,17,9,9,3,12,0,0,0,0,0,73,"Galloway, Chinedu"
2022,Fall,2022-fa,CHEM,237,Structure and Synthesis,ONL,5,7,8,6,12,14,3,12,3,2,2,0,0,4,78,"Alcantara, Oriol"
2023,Fall,2023-fa,CHEM,237,Structure and Synthesis,LEC,1,9,8,8,5,5,6,8,10,2,0,1,1,1,65,"Alcantara, Oriol"
2023,Spring,2023-sp,CHEM,237,Structure and Synthesis,LCD,2,5,7,10,12,13,6,11,5,3,0,0,0,4,78,"Galloway, Chinedu"
2024,Spring,2024-sp,CHEM,237,Structure and Synthesis,LCD,4,2,7,5,13,11,12,6,5,0,5,0,0,0,70,"Alcantara, Oriol"
2020,Spring,2020-sp,CHEM,315,Instrumental Chem Systems Lab,ONL,17,22,18,19,19,5,13,12,3,0,0,0,0,1,129,"Achterberg, Christopher"
2021,Spring,2021-sp,CHEM,315,Instrumental Chem Systems Lab,LEC,13,15,11,16,7,4,8,4,1,1,0,0,0,1,81,"Achterberg, C"
2022,Spring,2022-sp,CHEM,315,Instrumental Chem Systems Lab,DIS,1,4,2,2,6,4,1,1,0,0,0,1,1,0,23,"Achterberg, C"
2022,Spring,2022-sp,CHEM,315,Instrumental Chem Systems Lab,LEC,11,20,18,17,14,5,6,1,6,1,0,0,0,2,101,"Achterberg, Christopher"
2023,Spring,2023-sp,CHEM,315,Instrumental Chem Systems Lab,LEC,15,11,8,11,18,0,6,0,3,1,1,5,3,0,82,"Achterberg, Christopher"
2024,Fall,2024-fa,CHEM,315,Instrumental Chem Systems Lab,LCD,20,9,12,11,13,2,15,4,1,0,0,8,3,0,98,"Achterberg, Christopher"
2024,Spring,2024-sp,CHEM,315,Instrumental Chem Systems Lab,DIS,3,3,2,4,3,0,0,1,0,1,0,0,0,1,18,"Achterberg, C"
2024,Spring,2024-sp,CHEM,315,Instrumental Chem Systems Lab,LEC,10,8,13,9,12,1,13,7,1,0,0,2,2,2,80,"Achterberg, Christopher Jr"
2025,Spring,2025-sp,CHEM,315,Instrumental Chem Systems Lab,LCD,12,7,11,17,7,7,1,4,0,4,2,1,0,2,75,"Achterberg, Christopher"
2020,Fall,2020-fa,CHEM,332,Elementary Organic Chem II,DIS,6,2,2,1,5,2,0,0,0,0,0,0,0,0,18,"Baptiste, D"
2020,Fall,2020-fa,CHEM,332,Elementary Organic Chem II,LEC,15,19,16,10,12,5,4,7,12,6,3,2,0,3,114,"Baptiste, Dariusz"
2020,Spring,2020-sp,CHEM,332,Elementary Organic Chem II,DIS,5,2,3,4,5,8,3,2,2,0,0,0,0,2,36,"Takahashi, E"
2020,Spring,2020-sp,CHEM,332,Elementary Organic Chem II,LEC,17,18,16,16,24,21,17,9,13,0,8,0,10,5,174,"Baptiste, Dariusz Jr"
2020,Spring,2020-sp,CHEM,332,Elementary Organic Chem II,LEC,22,18,24,7,22,2,2,9,3,2,6,0,5,4,126,"Takahashi, Elif"
2020,Spring,2020-sp,CHEM,332,Elementary Organic Chem II,LEC,13,23,13,10,15,4,7,4,0,3,4,9,0,1,106,"Vasquez-Holm, Mihail"
2021,Fall,2021-fa,CHEM,332,Elementary Organic Chem II,ONL,34,28,22,17,14,12,22,13,7,0,0,0,12,8,189,"Takahashi, Elif"
2021,Spring,2021-sp,CHEM,332,Elementary Organic Chem II,LCD,9,16,4,8,9,8,18,5,5,3,8,0,2,4,99,"Baptiste, Dariusz"
2021,Spring,2021-sp,CHEM,332,Elementary Organic Chem II,LEC,20,27,5,7,11,9,10,8,5,4,5,2,10,6,129,"Vasquez-Holm, Mihail"
2022,Fall,2022-fa,CHEM,332,Elementary Organic Chem II,LEC,5,22,11,11,17,11,7,7,7,15,11,0,8,6,138,"Baptiste, Dariusz"
2022,Fall,2022-fa,CHEM,332,Elementary Organic Chem II,ONL,23,19,11,12,21,6,3,8,2,1,7,0,0,4,117,"Takahashi, Elif"
2022,Spring,2022-sp,CHEM,332,Elementary Organic Chem II,DIS,5,5,4,8,9,4,6,0,3,0,2,4,1,2,53,"Vasquez-Holm, M"
2022,Spring,2022-sp,CHEM,332,Elementary Organic Chem II,LCD,17,16,2,9,10,0,1,6,5,7,4,12,3,6,98,"Takahashi, Elif"
2022,Spring,2022-sp,CHEM,332,Elementary Organic Chem II,LEC,20,20,14,15,15,23,16,12,4,0,2,9,2,1,153,"Baptiste, Dariusz"
2022,Spring,2022-sp,CHEM,332,Elementary Organic Chem II,LEC,2,12,12,6,9,8,3,12,4,6,0,4,4,3,85,"Vasquez-Holm, Mihail"
2023,Fall,2023-fa,CHEM,332,Elementary Organic Chem II,LCD,13,28,23,7,29,23,16,7,13,15,0,0,5,5,184,"Baptiste, Dariusz"
2023,Fall,2023-fa,CHEM,332,Elementary Organic Chem II,LEC,30,54,12,9,18,18,16,7,12,1,4,0,0,7,188,"Vasquez-Holm, Mihail"
2023,Spring,2023-sp,CHEM,332,Elementary Organic Chem II,LCD,19,14,12,8,5,6,7,5,0,2,1,0,4,1,84,"Takahashi, Elif"
2023,Spring,2023-sp,CHEM,332,Elementary Organic Chem II,LEC,16,31,29,8,28,13,13,9,10,0,11,22,0,4,194,"Baptiste, Dariusz"
2024,Fall,2024-fa,CHEM,332,Elementary Organic Chem II,ONL,14,25,5,5,13,13,13,7,5,3,3,6,0,1,113,"Vasquez-Holm, M"
2024,Spring,2024-sp,CHEM,332,Elementary Organic Chem II,LEC,12,30,13,10,29,13,13,9,5,22,3,9,3,11,182,"Baptiste, Dariusz"
2021,Spring,2021-sp,CHEM,360,Chemistry of the Environment,LEC,4,33,31,19,5,10,3,12,0,0,0,0,0,2,119,"Blackwood, Elodie"
2022,Spring,2022-sp,CHEM,360,Chemistry of the Environment,LEC,6,31,30,15,15,7,7,6,2,0,2,0,0,7,128,"Blackwood, Elodie"
2023,Fall,2023-fa,CHEM,360,Chemistry of the Environment,LEC,7,54,17,18,20,13,3,9,0,0,0,0,0,4,145,"Blackwood, Elodie"
2024,Fall,2024-fa,CHEM,360,Chemistry of the Environment,LCD,11,20,29,24,17,9,13,4,3,3,1,3,4,8,149,"Blackwood, Elodie"
2025,Fall,2025-fa,CHEM,360,Chemistry of the Environment,LCD,3,37,23,14,23,9,1,7,2,3,6,0,3,8,139,"Blackwood, Elodie"
2020,Fall,2020-fa,CHEM,420,Instrumental Characterization,LCD,4,26,16,14,9,10,6,8,10,4,0,0,7,6,120,"Karimi, S"
2020,Spring,2020-sp,CHEM,420,Instrumental Characterization,LEC,16,26,19,12,10,12,11,12,9,6,9,3,0,5,150,"Karimi, Samuel"
2021,Fall,2021-fa,CHEM,420,Instrumental Characterization,LEC,0,50,35,14,14,3,4,5,7,4,0,13,0,10,159,"Ferreira-Nakamura, C"
2021,Spring,2021-sp,CHEM,420,Instrumental Characterization,LCD,1,30,38,13,12,7,7,5,0,0,0,0,2,3,118,"Karimi, Samuel"
2021,Spring,2021-sp,CHEM,420,Instrumental Characterization,ONL,3,35,18,30,15,1,2,3,8,0,11,0,3,3,132,"Bogusławski, Amara"
2022,Fall,2022-fa,CHEM,420,Instrumental Characterization,DIS,0,5,1,3,3,3,2,0,3,0,0,0,0,0,20,"Bogusławski, A"
2022,Fall,2022-fa,CHEM,420,Instrumental Characterization,LEC,4,29,16,8,6,6,1,11,0,0,0,7,4,1,93,"Bogusławski, Amara"
2022,Fall,2022-fa,CHEM,420,Instrumental Characterization,LEC,0,33,18,26,14,10,5,17,7,4,0,0,1,3,138,"Ferreira-Nakamura, Christopher"
2022,Spring,2022-sp,CHEM,420,Instrumental Characterization,LEC,4,28,13,1,5,3,4,7,11,7,0,1,2,0,86,"Karimi, Samuel"
2023,Fall,2023-fa,CHEM,420,Instrumental Characterization,DIS,0,2,2,0,1,3,1,1,1,0,3,0,0,0,14,"Bogusławski, A"
2023,Fall,2023-fa,CHEM,420,Instrumental Characterization,DIS,3,13,7,1,2,1,2,1,1,0,3,0,4,1,39,"Ćosić, D"
2023,Fall,2023-fa,CHEM,420,Instrumental Characterization,LEC,3,22,14,18,9,11,5,13,4,0,0,7,0,5,111,"Bogusławski, Amara"
2023,Fall,2023-fa,CHEM,420,Instrumental Characterization,LEC,0,42,9,4,15,7,8,8,10,0,14,0,0,7,124,"Ferreira-Nakamura, Christopher"
2023,Fall,2023-fa,CHEM,420,Instrumental Characterization,LEC,5,23,17,5,12,5,10,4,1,0,2,2,0,1,87,"Karimi, Samuel"
2022,Spring,2022-sp,CHEM,440,Physical Chemistry Principles,LEC,4,12,10,8,16,5,3,8,0,0,2,3,0,2,73,"Szymanski, Andrew"
2023,Fall,2023-fa,CHEM,440,Physical Chemistry Principles,LEC,1,8,1,3,4,2,1,5,0,0,0,0,0,0,25,"Szymanski, Andrew"
2024,Fall,2024-fa,CHEM,440,Physical Chemistry Principles,LEC,1,12,10,8,22,4,2,8,0,0,3,0,0,2,72,"Szymanski, Andrew"
2020,Fall,2020-fa,CHEM,442,Physical Chemistry I,LEC,1,5,15,7,8,2,4,0,2,2,0,0,2,1,49,"Alcantara, Oriol"
2021,Spring,2021-sp,CHEM,442,Physical Chemistry I,DIS,5,4,2,2,5,1,1,0,0,0,0,1,0,1,22,"Ferreira-Nakamura, C"
2021,Spring,2021-sp,CHEM,442,Physical Chemistry I,LEC,2,6,6,5,2,1,3,1,4,1,1,0,2,0,34,"Alcantara, Oriol"
2021,Spring,2021-sp,CHEM,442,Physical Chemistry I,LEC,4,14,12,2,3,7,0,0,1,0,1,0,0,0,44,"Ferreira-Nakamura, Christopher"
2022,Spring,2022-sp,CHEM,442,Physical Chemistry I,LEC,5,25,14,7,13,11,0,0,1,0,0,7,8,8,99,"Ferreira-Nakamura, Christopher"
2022,Spring,2022-sp,CHEM,442,Physical Chemistry I,ONL,6,13,21,6,6,3,0,1,5,0,0,0,1,1,63,"Alcantara, O"
2023,Spring,2023-sp,CHEM,442,Physical Chemistry I,LEC,2,11,7,6,7,5,5,0,1,0,0,1,2,0,47,"Alcantara, Oriol"
2023,Spring,2023-sp,CHEM,442,Physical Chemistry I,ONL,4,4,12,2,4,0,1,0,1,1,0,0,0,1,30,"Ferreira-Nakamura, Christopher"
2024,Spring,2024-sp,CHEM,442,Physical Chemistry I,LCD,4,7,11,7,3,1,2,3,3,1,0,0,0,3,45,"Alcantara, Oriol"
2020,Spring,2020-sp,CS,100,Computer Science Orientation,LCD,7,199,0,5,27,5,1,0,6,0,0,7,0,9,266,"Adichie, Esperanza"
2020,Spring,2020-sp,CS,100,Computer Science Orientation,LCD,40,90,3,13,0,3,3,0,2,0,0,8,15,4,181,"Ibarra-Quintero, Marisol"
2021,Fall,2021-fa,CS,100,Computer Science Orientation,LCD,124,129,4,4,7,0,13,0,0,8,13,0,11,9,322,"Lindgren, Gwendolyn"
2021,Fall,2021-fa,CS,100,Computer Science Orientation,LEC,69,136,16,13,12,0,19,5,0,6,16,0,0,5,297,"Ibarra-Quintero, Marisol"
2021,Spring,2021-sp,CS,100,Computer Science Orientation,LCD,0,247,8,0,5,0,12,6,4,0,0,3,0,11,296,"Adichie, Esperanza"
2022,Fall,2022-fa,CS,100,Computer Science Orientation,ONL,49,102,12,1,0,4,3,0,0,13,0,10,12,6,212,"Ibarra-Quintero, Marisol"
2022,Spring,2022-sp,CS,100,Computer Science Orientation,DIS,1,56,0,0,6,0,4,4,0,2,0,2,0,2,77,"Yamaguchi, N"
2022,Spring,2022-sp,CS,100,Computer Science Orientation,LEC,21,283,0,12,19,11,0,32,0,10,10,0,2,8,408,"Adichie, Esperanza"
2022,Spring,2022-sp,CS,100,Computer Science Orientation,LEC,85,83,0,14,12,8,1,13,0,4,10,0,9,2,241,"Lindgren, Gwendolyn"
2023,Fall,2023-fa,CS,100,Computer Science Orientation,LCD,68,174,10,1,10,10,0,3,5,0,7,0,7,9,304,"Ibarra-Quintero, Marisol"
2023,Fall,2023-fa,CS,100,Computer Science Orientation,LCD,70,69,0,7,1,0,0,0,7,0,0,4,1,4,163,"Lindgren, Gwendolyn"
2023,Spring,2023-sp,CS,100,Computer Science Orientation,LCD,1,73,1,0,0,0,1,0,0,3,1,3,4,4,91,"Adichie, Esperanza"
2023,Spring,2023-sp,CS,100,Computer Science Orientation,LCD,65,92,5,0,14,6,7,0,6,2,0,1,2,1,201,"Ibarra-Quintero, Marisol"
2024,Fall,2024-fa,CS,100,Computer Science Orientation,DIS,19,28,2,4,2,0,3,0,0,4,5,4,1,2,74,"Ibarra-Quintero, M"
2024,Fall,2024-fa,CS,100,Computer Science Orientation,LEC,77,136,4,0,21,1,0,0,10,0,1,3,9,8,270,"Ibarra-Quintero, Marisol"
2024,Spring,2024-sp,CS,100,Computer Science Orientation,DIS,0,80,12,1,0,0,3,6,0,2,1,5,3,1,114,"Adichie, Esperanza"
2024,Spring,2024-sp,CS,100,Computer Science Orientation,LEC,19,289,0,0,34,0,0,12,0,0,6,0,0,13,373,"Adichie, Esperanza"
2024,Spring,2024-sp,CS,100,Computer Science Orientation,LEC,79,90,0,4,16,6,18,13,10,0,1,6,0,8,251,"Lindgren, Gwendolyn"
2025,Fall,2025-fa,CS,100,Computer Science Orientation,LEC,0,168,12,4,12,4,6,4,10,0,0,6,6,6,238,
2025,Fall,2025-fa,CS,100,Computer Science Orientation,LEC,4,196,13,0,9,13,13,12,15,0,8,0,2,18,303,"Staff"
2025,Fall,2025-fa,CS,100,Computer Science Orientation,ONL,149,144,9,0,11,0,2,16,0,0,0,0,13,11,355,"Lindgren, Gwendolyn"
2020,Fall,2020-fa,CS,101,Intro Computing: Engrg & Sci,LCD,4,14,3,3,2,2,2,2,1,0,0,0,0,2,35,"Petrakis, J"
2020,Spring,2020-sp,CS,101,Intro Computing: Engrg & Sci,LCD,10,9,10,4,0,4,2,0,0,0,0,1,1,3,44,"Petrakis, Jun-Seo Jr"
2021,Fall,2021-fa,CS,101,Intro Computing: Engrg & Sci,LEC,9,10,7,3,3,2,1,1,0,1,0,1,0,1,39,"Petrakis, Jun-Seo"
2022,Fall,2022-fa,CS,101,Intro Computing: Engrg & Sci,DIS,3,8,1,4,1,1,0,0,0,0,0,1,0,1,20,"Adeyemi-Park, E"
2022,Fall,2022-fa,CS,101,Intro Computing: Engrg & Sci,LEC,11,11,5,2,2,3,2,4,0,0,0,0,3,1,44,"Petrakis, Jun-Seo"
2022,Fall,2022-fa,CS,101,Intro Computing: Engrg & Sci,LEC,7,12,5,6,2,1,0,0,2,2,0,0,2,1,40,"Réaumur, Edward"
2022,Spring,2022-sp,CS,101,Intro Computing: Engrg & Sci,DIS,2,1,1,0,1,1,2,0,1,0,0,0,0,0,9,"Réaumur, E"
2022,Spring,2022-sp,CS,101,Intro Computing: Engrg & Sci,LEC,11,14,5,2,2,10,0,0,3,0,1,1,0,1,50,"Reaumur, Edward"
2023,Fall,2023-fa,CS,101,Intro Computing: Engrg & Sci,LEC,12,9,8,2,6,4,2,0,0,0,0,0,0,0,43,"Petrakis, Jun-Seo"
2023,Fall,2023-fa,CS,101,Intro Computing: Engrg & Sci,LEC,10,10,5,7,4,2,1,6,0,2,0,0,1,1,49,"Réaumur, Edward"
2023,Spring,2023-sp,CS,101,Intro Computing: Engrg & Sci,DIS,6,5,0,2,2,1,0,0,0,0,0,0,2,0,18,"Réaumur, E"
2023,Spring,2023-sp,CS,101,Intro Computing: Engrg & Sci,LEC,8,11,3,2,0,2,0,3,0,1,0,0,2,0,32,"Réaumur, E"
2024,Fall,2024-fa,CS,101,Intro Computing: Engrg & Sci,DIS,1,3,2,1,2,0,0,0,1,0,0,0,0,1,11,"Réaumur, E"
2024,Fall,2024-fa,CS,101,Intro Computing: Engrg & Sci,LEC,6,20,8,2,0,3,3,0,0,1,0,0,0,0,43,"Petrakis, Jun-Seo"
2024,Fall,2024-fa,CS,101,Intro Computing: Engrg & Sci,LEC,13,12,4,3,0,3,0,0,2,2,0,3,3,2,47,"Réaumur, Edward"
2024,Spring,2024-sp,CS,101,Intro Computing: Engrg & Sci,LEC,10,13,1,1,3,2,1,3,0,0,0,0,3,0,37,"Réaumur, Edward"
2025,Fall,2025-fa,CS,101,Intro Computing: Engrg & Sci,LEC,9,17,10,4,5,4,2,1,0,1,0,0,0,2,55,"Réaumur, Edward"
2020,Fall,2020-fa,CS,105,Intro Computing: Non-Tech,DIS,1,3,4,1,2,1,0,0,0,1,1,0,0,0,14,"Petrakis, J"
2020,Fall,2020-fa,CS,105,Intro Computing: Non-Tech,LEC,4,6,9,5,3,5,2,1,0,1,0,0,1,0,37,"Petrakis, Jun-Seo"
2020,Fall,2020-fa,CS,105,Intro Computing: Non-Tech,LEC,4,10,2,3,11,3,3,1,3,1,0,1,0,4,46,"Rosenqvist, Ravi"
2021,Fall,2021-fa,CS,105,Intro Computing: Non-Tech,DIS,1,2,3,0,3,0,0,1,1,0,0,0,0,0,11,"Adeyemi-Park, E"
2021,Fall,2021-fa,CS,105,Intro Computing: Non-Tech,LCD,6,8,7,6,3,8,2,1,0,2,0,0,2,1,46,"Rosenqvist, Ravi"
2021,Fall,2021-fa,CS,105,Intro Computing: Non-Tech,LEC,12,9,7,2,3,0,2,3,0,0,0,2,0,0,40,"Lindgren, Gwendolyn"
2021,Fall,2021-fa,CS,105,Intro Computing: Non-Tech,LEC,6,9,7,2,1,4,0,1,1,1,0,1,2,2,37,"Petrakis, Jun-Seo"
2022,Fall,2022-fa,CS,105,Intro Computing: Non-Tech,LEC,11,4,9,6,4,3,5,0,0,0,1,0,0,0,43,"Lindgren, Gwendolyn"
2022,Fall,2022-fa,CS,105,Intro Computing: Non-Tech,LEC,6,10,3,5,7,5,2,1,0,1,1,0,0,2,43,"Petrakis, Jun-Seo"
2022,Fall,2022-fa,CS,105,Intro Computing: Non-Tech,LEC,5,8,10,9,4,1,3,4,4,2,0,3,0,1,54,"Rosenqvist, Ravi"
2022,Spring,2022-sp,CS,105,Intro Computing: Non-Tech,DIS,0,3,1,1,2,0,1,0,1,0,0,0,1,0,10,"Adeyemi-Park, E"
2022,Spring,2022-sp,CS,105,Intro Computing: Non-Tech,LEC,11,0,4,3,5,1,1,1,0,0,0,0,4,2,32,"Lindgren, Gwendolyn"
2022,Spring,2022-sp,CS,105,Intro Computing: Non-Tech,LEC,7,9,6,5,0,1,0,0,0,0,0,1,0,0,29,"Petrakis, Jun-Seo"
2022,Spring,2022-sp,CS,105,Intro Computing: Non-Tech,LEC,6,7,1,2,4,3,5,2,2,0,0,0,0,0,32,"Rosenqvist, Ravi"
2023,Fall,2023-fa,CS,105,Intro Computing: Non-Tech,DIS,1,4,2,0,1,0,0,0,0,1,0,0,0,0,9,"Petrakis, J"
2023,Fall,2023-fa,CS,105,Intro Computing: Non-Tech,LCD,5,5,8,4,2,0,3,3,0,0,3,0,2,3,38,"Rosenqvist, Ravi"
2023,Fall,2023-fa,CS,105,Intro Computing: Non-Tech,LEC,7,20,7,11,2,1,0,1,3,1,0,4,2,3,62,"Petrakis, Jun-Seo"
2023,Spring,2023-sp,CS,105,Intro Computing: Non-Tech,LCD,5,5,6,2,6,2,0,1,2,1,4,0,0,2,36,"Lindgren, Gwendolyn"
2024,Fall,2024-fa,CS,105,Intro Computing: Non-Tech,DIS,0,2,4,1,2,1,1,0,1,0,0,0,0,0,12,"Petrakis, J"
2024,Fall,2024-fa,CS,105,Intro Computing: Non-Tech,LEC,13,13,1,4,2,5,1,2,2,1,1,0,0,0,45,"Lindgren, Gwendolyn"
2024,Fall,2024-fa,CS,105,Intro Computing: Non-Tech,LEC,1,5,10,3,0,4,0,0,3,0,0,0,1,1,28,"Petrakis, Jun-Seo"
2024,Spring,2024-sp,CS,105,Intro Computing: Non-Tech,LCD,3,11,1,9,7,4,5,3,1,1,4,0,0,1,50,"Petrakis, Jun-Seo"
2024,Spring,2024-sp,CS,105,Intro Computing: Non-Tech,LCD,14,20,6,7,8,9,2,4,0,0,1,0,2,4,77,"Rosenqvist, Ravi"
2025,Fall,2025-fa,CS,105,Intro Computing: Non-Tech,LEC,14,2,5,8,3,0,2,2,4,1,1,0,0,0,42,"Lindgren, Gwendolyn"
2025,Fall,2025-fa,CS,105,Intro Computing: Non-Tech,LEC,3,11,1,1,5,2,1,2,0,0,1,1,0,1,29,"Rosenqvist, Ravi"
2025,Spring,2025-sp,CS,105,Intro Computing: Non-Tech,LCD,6,10,7,0,6,1,2,0,0,0,2,3,1,1,39,"Rosenqvist, Ravi"
2021,Fall,2021-fa,CS,124,Intro to Computer Science I,LEC,20,266,33,10,0,2,12,8,21,2,20,6,0,12,412,"Lindgren, Mihail"
2021,Spring,2021-sp,CS,124,Intro to Computer Science I,LEC,23,272,0,26,17,5,0,4,7,3,9,0,34,14,414,"Lindgren, Mihail"
2022,Fall,2022-fa,CS,124,Intro to Computer Science I,LEC,4,244,22,10,36,2,4,23,15,0,2,7,31,10,410,"Lindgren, Mihail"
2023,Fall,2023-fa,CS,124,Intro to Computer Science I,DIS,4,40,6,4,3,0,2,4,0,0,5,2,0,2,72,"Lindgren, M"
2023,Fall,2023-fa,CS,124,Intro to Computer Science I,LEC,4,207,17,41,21,16,34,13,12,3,3,12,17,20,420,"Lindgren, M"
2024,Spring,2024-sp,CS,124,Intro to Computer Science I,LCD,3,246,43,34,4,10,24,5,8,7,16,0,0,14,414,"Lindgren, Mihail"
2020,Spring,2020-sp,CS,125,Intro to Computer Science,LEC,51,49,16,4,4,10,2,11,17,2,0,2,0,4,172,"Ibarra-Quintero, Marisol"
2021,Fall,2021-fa,CS,125,Intro to Computer Science,DIS,4,8,3,0,3,1,1,1,1,0,0,1,0,0,23,"Ibarra-Quintero, M"
2021,Fall,2021-fa,CS,125,Intro to Computer Science,LCD,53,108,13,25,6,6,3,21,0,0,8,6,0,9,258,"Lindgren, Mihail"
2021,Fall,2021-fa,CS,125,Intro to Computer Science,LEC,60,50,16,16,5,13,17,2,0,3,0,10,0,7,199,"Ibarra-Quintero, Marisol"
2021,Spring,2021-sp,CS,125,Intro to Computer Science,DIS,16,12,6,2,5,1,2,0,3,5,0,0,0,1,53,"Ibarra-Quintero, M"
2021,Spring,2021-sp,CS,125,Intro to Computer Science,LEC,40,44,7,15,12,13,11,8,3,0,0,0,0,3,156,"Ibarra-Quintero, Marisol"
2022,Fall,2022-fa,CS,125,Intro to Computer Science,LCD,40,62,21,1,22,2,19,0,1,0,16,0,1,5,190,"Lindgren, Mihail"
2022,Spring,2022-sp,CS,125,Intro to Computer Science,LEC,70,53,20,24,14,7,0,9,2,2,8,4,12,6,231,"Ibarra-Quintero, Marisol"
2023,Fall,2023-fa,CS,125,Intro to Computer Science,DIS,11,19,8,4,0,1,6,2,3,0,1,0,4,0,59,"Lindgren, M"
2023,Fall,2023-fa,CS,125,Intro to Computer Science,LEC,62,57,2,17,15,0,6,13,13,0,13,0,10,4,212,"Ibarra-Quintero, Marisol"
2023,Fall,2023-fa,CS,125,Intro to Computer Science,LEC,37,59,25,15,0,6,12,0,5,1,15,8,13,4,200,"Lindgren, Mihail"
2023,Spring,2023-sp,CS,125,Intro to Computer Science,LEC,61,62,32,17,4,0,11,2,4,7,9,2,0,9,220,"Ibarra-Quintero, Marisol"
2023,Spring,2023-sp,CS,125,Intro to Computer Science,LEC,37,73,16,14,7,13,23,0,9,1,0,0,0,7,200,"Lindgren, Mihail"
2024,Fall,2024-fa,CS,125,Intro to Computer Science,DIS,20,25,6,0,5,3,5,0,0,0,4,1,0,3,72,"Ibarra-Quintero, M"
2024,Fall,2024-fa,CS,125,Intro to Computer Science,LCD,32,75,30,23,10,12,11,0,2,0,9,4,0,5,213,"Lindgren, M"
2024,Fall,2024-fa,CS,125,Intro to Computer Science,LEC,45,42,23,13,12,2,1,6,0,2,3,14,0,10,173,"Ibarra-Quintero, Marisol"
2024,Spring,2024-sp,CS,125,Intro to Computer Science,DIS,23,20,5,7,1,3,0,0,0,1,0,3,0,4,67,"Ibarra-Quintero, M"
2024,Spring,2024-sp,CS,125,Intro to Computer Science,LEC,92,76,30,42,9,0,3,26,1,0,5,3,0,7,294,"Ibarra-Quintero, Marisol"
2024,Spring,2024-sp,CS,125,Intro to Computer Science,LEC,17,65,14,17,12,9,3,3,3,3,0,2,0,5,153,"Lindgren, Mihail"
2020,Fall,2020-fa,CS,128,Intro to Computer Science II,LCD,28,205,27,5,19,0,6,25,11,0,0,0,14,14,354,"Rosenqvist, Ravi"
2020,Spring,2020-sp,CS,128,Intro to Computer Science II,LEC,12,233,19,22,22,9,19,7,3,1,18,16,19,10,410,"Rosenqvist, Ravi"
2021,Fall,2021-fa,CS,128,Intro to Computer Science II,LEC,9,271,3,30,16,6,0,1,0,0,4,1,4,5,350,"Rosenqvist, Ravi"
2021,Spring,2021-sp,CS,128,Intro to Computer Science II,LCD,0,150,140,31,25,4,1,18,0,0,8,14,9,10,410,"Mbeki Sandoval, Thomas"
2021,Spring,2021-sp,CS,128,Intro to Computer Science II,LEC,19,261,22,10,20,5,0,1,11,0,7,16,28,14,414,"Rosenqvist, R"
2022,Fall,2022-fa,CS,128,Intro to Computer Science II,LEC,0,158,97,10,0,8,14,0,6,0,0,16,16,8,333,"Mbeki Sandoval, Thomas"
2022,Spring,2022-sp,CS,128,Intro to Computer Science II,LEC,29,253,36,9,2,15,24,0,16,0,0,16,0,21,421,"Rosenqvist, Ravi"
2023,Fall,2023-fa,CS,128,Intro to Computer Science II,LEC,0,133,155,15,1,27,0,9,6,6,0,21,27,7,407,"Mbeki-Sandoval, Thomas"
2023,Fall,2023-fa,CS,128,Intro to Computer Science II,LEC,32,226,17,52,0,0,5,16,29,0,8,0,15,9,409,"Rosenqvist, Ravi"
2024,Fall,2024-fa,CS,128,Intro to Computer Science II,LCD,0,308,31,0,25,0,0,4,3,0,9,6,14,11,411,"Rosenqvist, Ravi"
2025,Spring,2025-sp,CS,128,Intro to Computer Science II,LEC,23,242,14,19,0,26,17,22,13,0,3,0,21,7,407,"Rosenqvist, R"
2020,Spring,2020-sp,CS,173,Discrete Structures,ONL,8,10,8,7,4,5,0,3,0,1,0,1,2,0,49,"Adichie, Esperanza"
2021,Fall,2021-fa,CS,173,Discrete Structures,LEC,6,5,4,5,6,4,4,0,1,0,1,0,1,1,38,"Lindgren, Gwendolyn"
2021,Spring,2021-sp,CS,173,Discrete Structures,ONL,1,4,3,0,4,4,1,0,0,1,2,0,0,1,21,"Adichie, Esperanza"
2022,Fall,2022-fa,CS,173,Discrete Structures,LEC,1,0,1,2,3,1,4,0,0,1,1,0,0,0,14,"Lindgren, Gwendolyn"
2022,Spring,2022-sp,CS,173,Discrete Structures,DIS,1,3,3,1,3,0,0,0,0,0,2,0,0,0,13,"Adichie, Esperanza"
2022,Spring,2022-sp,CS,173,Discrete Structures,LEC,4,4,6,1,6,2,0,2,0,3,0,0,2,1,31,"Adichie, Esperanza"
2023,Fall,2023-fa,CS,173,Discrete Structures,LEC,2,8,3,4,2,2,3,2,1,1,0,2,2,0,32,"Adichie, Esperanza"
2023,Spring,2023-sp,CS,173,Discrete Structures,DIS,0,4,0,2,0,1,1,0,0,0,0,0,0,1,9,"Yamaguchi, N"
2023,Spring,2023-sp,CS,173,Discrete Structures,LEC,8,2,3,3,3,2,4,0,0,3,1,0,0,1,30,"Lindgren, Gwendolyn"
2024,Fall,2024-fa,CS,173,Discrete Structures,LCD,2,2,0,3,3,0,3,0,0,0,0,1,0,0,14,"Lindgren, Gwendolyn"
2024,Fall,2024-fa,CS,173,Discrete Structures,LEC,2,12,7,9,6,2,0,1,0,2,1,0,0,0,42,"Adichie, Esperanza"
2024,Spring,2024-sp,CS,173,Discrete Structures,LEC,3,17,3,4,4,2,0,0,0,3,0,3,0,0,39,"Adichie, Esperanza"
2024,Spring,2024-sp,CS,173,Discrete Structures,LEC,7,5,2,8,10,0,0,2,0,2,0,1,0,0,37,"Lindgren, Gwendolyn"
2025,Spring,2025-sp,CS,173,Discrete Structures,LCD,4,3,3,2,3,0,0,0,3,1,1,1,0,1,22,"Lindgren, G"
2021,Spring,2021-sp,CS,225,Data Structures,LEC,7,121,15,11,29,5,1,30,23,3,13,0,24,16,298,"Lindgren, Mihail"
2022,Fall,2022-fa,CS,225,Data Structures,LEC,5,116,16,29,27,16,7,12,0,0,13,7,9,11,268,"Lindgren, M"
2022,Spring,2022-sp,CS,225,Data Structures,ONL,8,82,22,16,11,4,7,15,0,1,3,0,10,6,185,"Lindgren, Mihail"
2023,Fall,2023-fa,CS,225,Data Structures,LEC,1,73,16,14,12,2,2,7,17,1,17,7,14,7,190,"Lindgren, Mihail"
2023,Spring,2023-sp,CS,225,Data Structures,ONL,5,98,8,3,24,7,6,8,5,0,11,0,16,5,196,"Lindgren, Mihail"
2024,Fall,2024-fa,CS,225,Data Structures,LEC,14,92,14,15,7,19,1,10,2,8,7,0,19,7,215,"Lindgren, Mihail"
2024,Spring,2024-sp,CS,225,Data Structures,LEC,15,90,16,23,15,16,11,4,0,0,0,1,12,4,207,"Lindgren, Mihail"
2020,Fall,2020-fa,CS,233,Computer Architecture,LCD,24,34,8,6,13,0,0,9,0,0,2,0,2,4,102,"Ibarra-Quintero, Marisol"
2020,Fall,2020-fa,CS,233,Computer Architecture,LEC,35,110,32,12,32,18,5,4,5,6,7,4,12,8,290,"Rowan-Achebe, Amara"
2020,Spring,2020-sp,CS,233,Computer Architecture,LEC,67,62,18,3,27,2,4,8,0,0,16,0,4,6,217,"Ibarra-Quintero, Marisol"
2021,Spring,2021-sp,CS,233,Computer Architecture,DIS,2,12,3,4,4,1,6,1,0,2,0,0,4,3,42,"Rowan-Achebe, A"
2021,Spring,2021-sp,CS,233,Computer Architecture,LEC,67,71,0,12,29,5,27,7,0,0,4,5,0,3,230,"Ibarra-Quintero, Marisol"
2021,Spring,2021-sp,CS,233,Computer Architecture,LEC,16,71,27,8,35,5,5,4,0,3,10,6,9,9,208,"Rowan-Achebe, Amara"
2022,Fall,2022-fa,CS,233,Computer Architecture,LEC,20,52,10,1,19,1,0,1,7,4,3,0,6,1,125,"Rowan-Achebe, Amara"
2022,Spring,2022-sp,CS,233,Computer Architecture,LCD,44,43,4,9,7,1,3,13,5,0,5,9,15,3,161,"Ibarra-Quintero, Marisol"
2023,Fall,2023-fa,CS,233,Computer Architecture,LCD,49,43,9,14,10,5,1,2,0,3,14,5,7,5,167,"Ibarra-Quintero, Marisol"
2023,Fall,2023-fa,CS,233,Computer Architecture,ONL,17,64,11,6,16,0,7,12,1,2,3,0,11,1,151,"Rowan-Achebe, Amara"
2023,Spring,2023-sp,CS,233,Computer Architecture,DIS,17,14,0,2,2,0,0,6,0,0,2,1,4,3,51,"Ibarra-Quintero, M"
2023,Spring,2023-sp,CS,233,Computer Architecture,LEC,34,32,1,16,17,13,9,6,0,0,4,0,4,2,138,"Ibarra-Quintero, Marisol"
2023,Spring,2023-sp,CS,233,Computer Architecture,LEC,7,43,8,8,17,6,1,7,1,7,7,9,0,9,130,"Rowan-Achebe, Amara"
2024,Spring,2024-sp,CS,233,Computer Architecture,LEC,50,59,2,13,29,0,4,5,6,9,18,6,0,4,205,"Ibarra-Quintero, Marisol"
2020,Spring,2020-sp,CS,241,System Programming,DIS,11,5,6,3,6,3,4,1,2,0,0,0,0,2,43,"Sidibe, D"
2020,Spring,2020-sp,CS,241,System Programming,LEC,54,31,20,12,22,12,15,8,13,8,0,1,5,7,208,"Sidibe, D"
2021,Fall,2021-fa,CS,241,System Programming,LEC,2,13,16,20,19,5,34,6,3,6,5,0,10,1,140,"Mbeki-Sandoval, Thomas"
2021,Spring,2021-sp,CS,241,System Programming,LEC,29,24,12,16,17,13,4,3,4,11,2,1,2,3,141,"Sidibe, Daniel"
2021,Spring,2021-sp,CS,241,System Programming,ONL,7,23,16,18,7,13,10,6,3,7,4,2,12,5,133,"Mbeki-Sandoval, Thomas"
2022,Fall,2022-fa,CS,241,System Programming,DIS,1,6,5,2,1,3,2,2,3,2,1,1,2,0,31,"Mbeki-Sandoval, T"
2022,Fall,2022-fa,CS,241,System Programming,LCD,35,24,5,16,7,6,14,15,8,5,16,10,11,11,183,"Sidibe, D"
2022,Fall,2022-fa,CS,241,System Programming,LEC,6,30,25,23,6,16,13,9,18,0,14,5,4,5,174,"Mbeki-Sandoval, Thomas"
2022,Spring,2022-sp,CS,241,System Programming,LCD,10,45,40,24,35,20,0,5,22,7,6,3,16,3,236,"Mbeki-Sandoval, Thomas"
2023,Fall,2023-fa,CS,241,System Programming,DIS,9,5,4,2,1,4,2,1,1,4,0,1,2,1,37,"Sidibe, D"
2023,Fall,2023-fa,CS,241,System Programming,LEC,44,14,24,13,11,8,9,14,17,2,6,5,7,6,180,"Sidibe, Dan"
2023,Spring,2023-sp,CS,241,System Programming,LEC,11,23,15,6,11,9,2,1,13,5,1,10,5,0,112,"Mbeki-Sandoval, Thomas"
2023,Spring,2023-sp,CS,241,System Programming,LEC,60,26,33,18,22,22,6,6,19,7,12,0,0,2,233,"Sidibe, D"
2020,Spring,2020-sp,CS,357,Numerical Methods I,LCD,0,20,31,10,10,10,11,2,0,1,0,0,4,1,100,"Delacroix-Moreau, Oriol"
2021,Spring,2021-sp,CS,357,Numerical Methods I,LCD,5,61,85,35,19,26,9,4,13,0,0,12,5,12,286,"Delacroix-Moreau, Oriol"
2022,Fall,2022-fa,CS,357,Numerical Methods I,LCD,7,36,42,20,5,22,21,8,8,6,0,0,7,4,186,"Delacroix-Moreau, Oriol"
2022,Spring,2022-sp,CS,357,Numerical Methods I,LEC,4,29,34,5,1,14,10,7,5,0,4,2,4,1,120,"Delacroix-Moreau, Oriol"
2023,Fall,2023-fa,CS,357,Numerical Methods I,LCD,0,35,50,21,17,7,0,5,4,0,2,0,8,2,151,"Delacroix-Moreau, Oriol"
2023,Spring,2023-sp,CS,357,Numerical Methods I,LEC,7,36,40,12,6,17,11,9,0,3,0,10,0,2,153,"Delacroix-Moreau, O"
2024,Spring,2024-sp,CS,357,Numerical Methods I,DIS,0,11,19,9,5,7,1,0,2,6,3,0,1,1,65,"Yamaguchi, N"
2024,Spring,2024-sp,CS,357,Numerical Methods I,LEC,0,35,77,15,15,27,15,0,7,6,10,0,4,9,220,"Delacroix-Moreau, O"
2025,Spring,2025-sp,CS,357,Numerical Methods I,LEC,19,37,34,13,16,12,3,10,7,10,0,11,0,3,175,"Delacroix-Moreau, Oriol"
2020,Fall,2020-fa,CS,374,Intro to Algs & Models of Comp,LEC,15,21,20,30,23,15,24,23,20,17,0,20,1,7,236,"Petrakis, Jun-Seo"
2020,Fall,2020-fa,CS,374,Intro to Algs & Models of Comp,LEC,24,25,29,29,27,33,10,21,4,14,21,0,17,7,261,"Rosenqvist, Ravi"
2020,Spring,2020-sp,CS,374,Intro to Algs & Models of Comp,LEC,0,10,8,11,6,7,5,0,6,6,0,5,0,3,67,"Petrakis, J"
2021,Fall,2021-fa,CS,374,Intro to Algs & Models of Comp,DIS,2,12,13,7,12,11,12,2,1,1,1,1,0,0,75,"Petrakis, J"
2021,Fall,2021-fa,CS,374,Intro to Algs & Models of Comp,LEC,4,43,38,60,57,24,18,31,8,15,11,0,3,4,316,"Petrakis, Jun-Seo"
2021,Fall,2021-fa,CS,374,Intro to Algs & Models of Comp,LEC,25,41,26,15,38,12,25,18,4,3,0,24,17,6,254,"Rosenqvist, Ravi"
2021,Spring,2021-sp,CS,374,Intro to Algs & Models of Comp,ONL,13,36,15,56,56,32,31,28,10,0,22,0,4,8,311,"Mbeki-Sandoval, Thomas"
2021,Spring,2021-sp,CS,374,Intro to Algs & Models of Comp,ONL,16,50,40,38,51,40,17,34,30,12,8,0,19,8,363,"Rosenqvist, R"
2022,Fall,2022-fa,CS,374,Intro to Algs & Models of Comp,LEC,24,30,53,37,32,4,27,30,4,19,10,5,9,4,288,"Mbeki-Sandoval, Thomas"
2022,Spring,2022-sp,CS,374,Intro to Algs & Models of Comp,LCD,12,55,35,29,29,28,31,17,13,14,1,0,0,10,274,"Rosenqvist, Ravi"
2022,Spring,2022-sp,CS,374,Intro to Algs & Models of Comp,LEC,21,58,49,55,64,25,25,32,24,24,11,5,7,9,409,"Petrakis, Jun-Seo"
2023,Fall,2023-fa,CS,374,Intro to Algs & Models of Comp,LEC,16,30,18,27,26,30,33,18,17,8,17,3,0,5,248,"Rosenqvist, Ravi"
2023,Spring,2023-sp,CS,374,Intro to Algs & Models of Comp,LEC,7,58,24,39,48,31,24,37,13,5,4,21,4,2,317,"Mbeki-Sandoval, Thomas"
2023,Spring,2023-sp,CS,374,Intro to Algs & Models of Comp,LEC,13,42,21,52,31,32,13,16,30,19,14,0,1,7,291,"Petrakis, Jun-Seo"
2024,Fall,2024-fa,CS,374,Intro to Algs & Models of Comp,LCD,16,18,43,34,40,27,26,28,18,10,0,21,3,6,290,"Petrakis, Jun-Seo"
2024,Fall,2024-fa,CS,374,Intro to Algs & Models of Comp,LEC,23,31,52,20,39,12,9,25,41,32,0,1,14,14,313,"Rosenqvist, Ravi"
2024,Spring,2024-sp,CS,374,Intro to Algs & Models of Comp,DIS,9,11,1,13,10,8,18,7,5,8,0,1,0,3,94,"Petrakis, J"
2024,Spring,2024-sp,CS,374,Intro to Algs & Models of Comp,LEC,4,33,38,30,32,22,37,23,16,7,1,0,9,6,258,"Petrakis, J"
2025,Spring,2025-sp,CS,374,Intro to Algs & Models of Comp,LEC,20,56,18,32,43,24,12,22,24,2,8,20,0,4,285,"Rosenqvist, Ravi"
2020,Spring,2020-sp,CS,411,Database Systems,LEC,0,62,45,12,24,16,13,5,4,0,8,0,0,4,193,"Delacroix-Moreau, Oriol"
2021,Spring,2021-sp,CS,411,Database Systems,DIS,1,15,11,4,5,5,2,0,2,0,0,1,0,2,48,"Yamaguchi, N"
2021,Spring,2021-sp,CS,411,Database Systems,LEC,21,38,54,23,20,17,0,10,0,0,7,5,6,7,208,"Delacroix-Moreau, Oriol"
2022,Spring,2022-sp,CS,411,Database Systems,LEC,14,43,52,12,14,8,3,5,3,4,0,0,0,4,162,"Delacroix-Moreau, Oriol"
2023,Fall,2023-fa,CS,411,Database Systems,LEC,22,63,93,24,13,7,13,1,4,4,2,0,0,6,252,"Delacroix-Moreau, O"
2024,Spring,2024-sp,CS,411,Database Systems,LEC,6,45,58,19,18,4,14,7,7,8,0,5,0,5,196,"Delacroix-Moreau, Oriol"
2025,Fall,2025-fa,CS,411,Database Systems,LEC,18,69,87,37,16,2,4,10,5,0,10,0,2,11,271,"Delacroix-Moreau, Oriol"
2020,Fall,2020-fa,CS,412,Introduction to Data Mining,DIS,4,10,6,3,3,5,2,0,0,0,2,3,0,0,38,"Thorvaldsen, J"
2020,Fall,2020-fa,CS,412,Introduction to Data Mining,LEC,24,40,29,10,9,4,0,5,1,0,0,0,2,0,124,"Thorvaldsen, Jonathan"
2021,Fall,2021-fa,CS,412,Introduction to Data Mining,LCD,47,49,24,20,20,11,14,0,0,0,0,1,7,6,199,"Rosenqvist, R"
2021,Spring,2021-sp,CS,412,Introduction to Data Mining,LCD,25,38,21,10,8,10,2,0,2,3,0,0,1,9,129,"Thorvaldsen, Jonathan"
2021,Spring,2021-sp,CS,412,Introduction to Data Mining,LEC,35,36,15,17,13,0,3,0,0,0,2,15,0,4,140,"Rosenqvist, R"
2022,Fall,2022-fa,CS,412,Introduction to Data Mining,DIS,7,9,9,8,7,1,0,1,0,0,0,0,6,3,51,"Thorvaldsen, J"
2022,Fall,2022-fa,CS,412,Introduction to Data Mining,LEC,32,39,25,21,12,9,10,0,0,2,0,2,1,2,155,"Thorvaldsen, Jonathan"
2022,Spring,2022-sp,CS,412,Introduction to Data Mining,LEC,32,44,19,4,8,7,14,5,3,0,4,4,0,3,147,"Rosenqvist, R"
2023,Fall,2023-fa,CS,412,Introduction to Data Mining,DIS,6,7,10,6,1,1,0,1,0,0,0,1,1,0,34,"Thorvaldsen, J"
2023,Fall,2023-fa,CS,412,Introduction to Data Mining,LEC,41,49,27,28,18,5,0,1,2,0,17,6,4,9,207,"Thorvaldsen, Jonathan"
2023,Spring,2023-sp,CS,412,Introduction to Data Mining,LEC,34,49,31,18,16,1,2,3,0,3,0,0,6,4,167,"Rosenqvist, R"
2023,Spring,2023-sp,CS,412,Introduction to Data Mining,LEC,24,28,23,9,7,5,14,2,1,0,0,3,0,4,120,"Thorvaldsen, J"
2024,Fall,2024-fa,CS,412,Introduction to Data Mining,LEC,26,34,13,2,9,12,4,0,0,0,0,0,0,8,108,"Thorvaldsen, Jonathan"
2024,Spring,2024-sp,CS,412,Introduction to Data Mining,LEC,24,27,29,16,2,5,4,4,0,8,0,8,5,2,134,"Rosenqvist, R"
2020,Spring,2020-sp,CS,421,Progrmg Languages & Compilers,LCD,26,33,15,19,11,5,0,11,1,0,1,0,13,5,140,"Rowan-Achebe, Amara"
2021,Fall,2021-fa,CS,421,Progrmg Languages & Compilers,LCD,38,25,11,4,14,1,0,11,2,0,0,2,7,6,121,"Rosenqvist, R"
2021,Spring,2021-sp,CS,421,Progrmg Languages & Compilers,LEC,18,26,16,6,4,1,0,0,0,1,5,4,9,6,96,"Rowan-Achebe, A"
2022,Fall,2022-fa,CS,421,Progrmg Languages & Compilers,LEC,19,54,13,4,9,17,15,9,4,1,5,0,0,2,152,"Rowan-Achebe, A"
2022,Fall,2022-fa,CS,421,Progrmg Languages & Compilers,ONL,35,17,4,8,8,0,4,1,1,0,0,0,0,1,79,"Rosenqvist, R"
2022,Spring,2022-sp,CS,421,Progrmg Languages & Compilers,LCD,13,34,10,7,6,1,5,4,4,6,1,0,0,1,92,"Rowan-Achebe, Amara"
2023,Spring,2023-sp,CS,421,Progrmg Languages & Compilers,DIS,6,17,5,0,2,2,0,4,0,0,2,2,5,1,46,"Yamaguchi, N"
2023,Spring,2023-sp,CS,421,Progrmg Languages & Compilers,LCD,47,30,5,8,6,1,9,7,0,0,0,4,1,2,120,"Rosenqvist, R"
2023,Spring,2023-sp,CS,421,Progrmg Languages & Compilers,LEC,12,45,16,8,1,6,6,5,2,2,0,0,0,3,106,"Rowan-Achebe, A"
2024,Fall,2024-fa,CS,421,Progrmg Languages & Compilers,LCD,28,24,5,0,13,7,8,3,8,0,2,0,4,3,105,"Rosenqvist, R"
2020,Spring,2020-sp,CS,425,Distributed Systems,LEC,3,29,32,37,29,17,9,0,0,2,0,13,1,7,179,"Pakhomov, Bob"
2021,Fall,2021-fa,CS,425,Distributed Systems,LEC,5,9,30,24,27,25,15,0,0,1,15,8,0,8,167,"Agyeman, Alejandro"
2021,Fall,2021-fa,CS,425,Distributed Systems,LEC,4,19,17,5,7,0,2,5,0,0,0,0,0,3,62,"Rosenqvist, R"
2021,Spring,2021-sp,CS,425,Distributed Systems,LEC,13,28,43,29,25,17,5,0,0,5,0,0,0,3,168,"Pakhomov, Robert"
2021,Spring,2021-sp,CS,425,Distributed Systems,LEC,14,31,34,31,19,14,2,2,0,0,0,4,0,7,158,"Rosenqvist, R"
2021,Spring,2021-sp,CS,425,Distributed Systems,ONL,14,10,33,31,25,12,2,16,0,0,3,1,8,3,158,"Agyeman, A"
2022,Fall,2022-fa,CS,425,Distributed Systems,DIS,2,11,5,13,2,2,1,0,0,0,2,0,2,0,40,"Pakhomov, R"
2022,Fall,2022-fa,CS,425,Distributed Systems,DIS,5,11,6,4,6,4,1,0,0,0,0,1,0,2,40,"Rosenqvist, R"
2022,Fall,2022-fa,CS,425,Distributed Systems,LCD,5,23,42,31,23,14,6,0,7,1,3,0,4,5,164,"Agyeman, Alejandro"
2022,Fall,2022-fa,CS,425,Distributed Systems,LEC,0,19,41,42,33,15,2,3,2,0,0,0,0,5,162,"Pakhomov, Robert"
2022,Fall,2022-fa,CS,425,Distributed Systems,LEC,16,25,22,18,11,11,7,2,0,0,4,0,7,1,124,"Rosenqvist, R"
2022,Spring,2022-sp,CS,425,Distributed Systems,DIS,0,8,10,7,4,6,3,1,2,1,0,0,0,0,42,"Yamaguchi, N"
2022,Spring,2022-sp,CS,425,Distributed Systems,LEC,7,7,19,30,22,6,2,0,7,0,0,0,0,4,104,"Agyeman, Alejandro"
2022,Spring,2022-sp,CS,425,Distributed Systems,LEC,3,6,9,16,10,1,6,6,1,0,3,0,3,3,67,"Pakhomov, Robert"
2023,Fall,2023-fa,CS,425,Distributed Systems,LEC,4,18,36,42,21,15,4,6,0,0,1,0,1,5,153,"Agyeman, Alejandro"
2023,Spring,2023-sp,CS,425,Distributed Systems,LCD,0,28,59,56,38,28,11,7,0,0,0,3,0,3,233,"Agyeman, Alejandro"
2023,Spring,2023-sp,CS,425,Distributed Systems,ONL,16,29,34,30,15,6,5,1,0,0,8,3,1,5,153,"Rosenqvist, R"
2024,Spring,2024-sp,CS,425,Distributed Systems,LEC,4,20,38,26,22,24,9,10,1,0,0,1,6,2,163,"Agyeman, Alejandro"
2024,Spring,2024-sp,CS,425,Distributed Systems,LEC,15,18,30,24,22,14,6,4,0,0,3,0,1,8,145,"Rosenqvist, R"
2020,Fall,2020-fa,CS,440,Artificial Intelligence,DIS,6,27,13,7,9,12,0,0,0,0,3,0,4,0,81,"Adeyemi-Park, E"
2020,Fall,2020-fa,CS,440,Artificial Intelligence,LEC,10,50,50,16,20,21,25,9,0,0,0,12,0,7,220,"Pakhomov, Robert"
2021,Fall,2021-fa,CS,440,Artificial Intelligence,LEC,11,48,44,33,7,23,0,11,4,6,0,8,0,4,199,"Pakhomov, Robert"
2022,Spring,2022-sp,CS,440,Artificial Intelligence,LCD,4,36,42,29,44,18,6,6,2,11,0,4,0,9,211,"Pakhomov, Robert"
2020,Fall,2020-fa,CS,441,Applied Machine Learning,LCD,41,155,33,9,0,2,0,0,7,0,0,0,0,6,253,"Rowan-Achebe, A"
2020,Spring,2020-sp,CS,441,Applied Machine Learning,ONL,9,106,61,18,2,0,8,1,0,0,0,11,5,2,223,"Pakhomov, Robert"
2021,Fall,2021-fa,CS,441,Applied Machine Learning,DIS,5,16,4,0,0,0,2,0,0,0,0,0,0,0,27,"Rowan-Achebe, A"
2021,Fall,2021-fa,CS,441,Applied Machine Learning,LEC,30,177,108,21,12,0,3,0,0,0,7,14,28,10,410,"Pakhomov, Robert"
2021,Fall,2021-fa,CS,441,Applied Machine Learning,LEC,49,125,35,16,10,0,0,0,9,14,0,0,8,4,270,"Rowan-Achebe, Amara"
2021,Spring,2021-sp,CS,441,Applied Machine Learning,DIS,3,1,1,3,0,0,0,0,0,0,0,0,1,0,9,"Rowan-Achebe, A"
2021,Spring,2021-sp,CS,441,Applied Machine Learning,LEC,48,150,38,9,3,12,25,15,13,0,1,9,0,10,333,"Rowan-Achebe, Amara"
2022,Fall,2022-fa,CS,441,Applied Machine Learning,DIS,7,27,30,2,0,1,0,4,0,0,2,0,0,1,74,"Pakhomov, R"
2022,Fall,2022-fa,CS,441,Applied Machine Learning,DIS,11,38,13,2,4,0,0,0,0,2,2,0,3,3,78,"Yamaguchi, N"
2022,Fall,2022-fa,CS,441,Applied Machine Learning,LEC,23,113,74,26,3,6,0,0,0,3,2,7,4,6,267,"Pakhomov, Robert"
2022,Fall,2022-fa,CS,441,Applied Machine Learning,LEC,23,135,51,27,25,5,0,18,6,0,5,0,0,12,307,"Rowan-Achebe, Amara"
2022,Spring,2022-sp,CS,441,Applied Machine Learning,LEC,40,122,47,0,2,12,0,5,0,0,1,3,10,4,246,"Rowan-Achebe, Amara"
2023,Fall,2023-fa,CS,441,Applied Machine Learning,LEC,18,101,32,9,5,0,1,0,0,1,0,0,3,4,174,"Rowan-Achebe, Amara"
2022,Spring,2022-sp,CS,498,Cloud Computing Applications,LEC,3,29,13,4,4,0,0,1,3,2,0,3,1,1,64,"Réaumur, Edward"
2023,Fall,2023-fa,CS,498,Cloud Computing Applications,ONL,5,23,5,7,5,1,0,1,2,0,1,0,0,1,51,"Réaumur, E"
2023,Spring,2023-sp,CS,498,Cloud Computing Applications,LCD,8,28,5,3,4,2,1,0,4,0,0,2,0,0,57,"Réaumur, Edward"
2024,Spring,2024-sp,CS,498,Cloud Computing Applications,DIS,4,12,3,1,2,0,0,0,0,0,3,0,0,1,26,"Réaumur, E"
2024,Spring,2024-sp,CS,498,Cloud Computing Applications,LEC,19,34,12,5,4,1,2,5,0,3,0,0,5,5,95,"Réaumur, Edward"
2025,Fall,2025-fa,CS,498,Cloud Computing Applications,DIS,4,4,3,0,1,0,0,0,1,0,0,0,1,1,15,"Réaumur, E"
2025,Fall,2025-fa,CS,498,Cloud Computing Applications,LEC,12,32,5,12,10,1,2,2,0,0,1,0,3,1,81,"Réaumur, Edward"
2021,Spring,2021-sp,CS,598,Advanced Perform Engineering,LEC,6,14,13,3,2,0,0,0,0,0,2,0,1,2,43,"Agyeman, Alejandro"
2022,Fall,2022-fa,CS,598,Advanced Perform Engineering,DIS,3,5,6,1,0,1,0,1,1,0,0,1,0,1,20,"Agyeman, A"
2022,Fall,2022-fa,CS,598,Advanced Perform Engineering,LEC,8,14,8,3,0,0,1,0,1,0,0,0,0,0,35,"Agyeman, Alejandro"
2022,Spring,2022-sp,CS,598,Advanced Perform Engineering,LEC,6,19,9,2,3,1,0,0,0,0,0,0,1,0,41,"Agyeman, Alejandro"
2023,Spring,2023-sp,CS,598,Advanced Perform Engineering,ONL,10,17,15,2,1,3,0,0,0,0,0,0,0,2,50,"Agyeman, Alejandro"
2024,Spring,2024-sp,CS,598,Advanced Perform Engineering,LCD,6,9,7,0,2,0,0,0,0,2,1,0,1,1,29,"Agyeman, Alejandro"
2020,Fall,2020-fa,ECE,110,Introduction to Electronics,LEC,22,34,10,1,19,7,14,4,0,2,0,1,2,5,121,"Chaudhry, Magnus"
2020,Spring,2020-sp,ECE,110,Introduction to Electronics,LEC,7,23,20,13,9,9,1,15,0,2,2,1,9,4,115,"Sørensen, Halvard"
2021,Fall,2021-fa,ECE,110,Introduction to Electronics,LEC,31,46,9,23,15,1,4,4,2,10,0,0,0,1,146,"Chaudhry, Magnus"
2021,Fall,2021-fa,ECE,110,Introduction to Electronics,LEC,25,25,6,23,15,2,8,8,4,0,2,0,5,2,125,"Sørensen, H"
2021,Spring,2021-sp,ECE,110,Introduction to Electronics,LEC,20,17,10,2,13,8,5,8,1,3,0,0,3,2,92,"Sørensen, Halvard"
2022,Fall,2022-fa,ECE,110,Introduction to Electronics,DIS,5,6,6,3,3,3,0,2,1,0,1,0,0,1,31,"Sørensen, H"
2022,Fall,2022-fa,ECE,110,Introduction to Electronics,LEC,17,51,23,26,12,7,12,5,0,2,2,4,5,9,175,"Sørensen, H"
2022,Spring,2022-sp,ECE,110,Introduction to Electronics,LEC,32,30,37,15,24,9,8,3,0,0,5,0,0,5,168,"Chaudhry, Magnus"
2023,Fall,2023-fa,ECE,110,Introduction to Electronics,LEC,23,27,19,16,9,7,8,1,0,7,0,0,6,5,128,"Chaudhry, Magnus"
2023,Spring,2023-sp,ECE,110,Introduction to Electronics,DIS,7,8,3,3,1,4,0,1,0,1,0,0,1,2,31,"Kirchner, R"
2023,Spring,2023-sp,ECE,110,Introduction to Electronics,LEC,9,24,17,9,19,8,6,6,5,0,0,1,0,3,107,"Kirchner, R"
2024,Fall,2024-fa,ECE,110,Introduction to Electronics,LEC,19,50,14,12,7,4,5,8,4,1,0,3,5,2,134,"Kirchner, Rúnar"
2024,Spring,2024-sp,ECE,110,Introduction to Electronics,LEC,25,33,28,15,14,6,14,0,9,0,1,5,0,6,156,"Kirchner, Rúnar"
2025,Fall,2025-fa,ECE,110,Introduction to Electronics,LCD,11,20,9,1,4,6,2,1,0,2,1,1,0,0,58,"Kirchner, Rúnar"
2025,Fall,2025-fa,ECE,110,Introduction to Electronics,LEC,16,17,6,11,4,7,2,11,2,1,0,0,5,3,85,
2025,Fall,2025-fa,ECE,110,Introduction to Electronics,LEC,26,43,11,6,17,23,6,0,5,0,9,0,9,6,161,"Staff"
2021,Fall,2021-fa,ECE,120,Introduction to Computing,ONL,10,23,7,10,3,7,5,7,1,1,4,0,0,1,79,"Zuniga, Mihail"
2022,Spring,2022-sp,ECE,120,Introduction to Computing,DIS,1,2,3,3,4,1,0,0,0,0,0,1,0,1,16,"Zuniga, M"
2022,Spring,2022-sp,ECE,120,Introduction to Computing,LEC,11,16,5,4,3,2,1,3,0,1,0,0,3,2,51,"Zuniga, Mihail"
2023,Spring,2023-sp,ECE,120,Introduction to Computing,ONL,15,26,30,17,6,6,5,3,4,0,0,0,0,1,113,"Zuniga, Mihail"
2024,Fall,2024-fa,ECE,120,Introduction to Computing,DIS,3,3,2,2,2,1,2,0,1,2,0,0,0,0,18,"Zuniga, M"
2024,Fall,2024-fa,ECE,120,Introduction to Computing,LEC,17,24,19,6,8,1,6,1,1,0,3,7,7,6,106,"Zuniga, Mihail"
2025,Fall,2025-fa,ECE,120,Introduction to Computing,LEC,13,23,21,16,13,8,2,8,0,0,4,2,0,5,115,"Zuniga, Mihail"
2025,Spring,2025-sp,ECE,120,Introduction to Computing,ONL,9,8,8,5,13,9,1,2,2,3,6,3,0,1,70,"Zuniga, Mihail"
2020,Fall,2020-fa,ECE,205,Electrical & Electronic Ckts,LCD,4,8,8,8,5,0,2,5,1,0,1,4,0,3,49,"Ravindran, Kirabo"
2021,Fall,2021-fa,ECE,205,Electrical & Electronic Ckts,LCD,46,21,24,11,18,8,19,0,0,4,5,5,0,2,163,"Ngata, Elizabeth"
2021,Fall,2021-fa,ECE,205,Electrical & Electronic Ckts,LEC,26,42,13,6,17,6,9,13,10,3,6,12,0,3,166,"Ravindran, Kirabo"
2021,Spring,2021-sp,ECE,205,Electrical & Electronic Ckts,LCD,25,28,18,22,15,6,1,9,10,8,8,0,0,6,156,"Ravindran, Kirabo"
2021,Spring,2021-sp,ECE,205,Electrical & Electronic Ckts,LEC,37,13,16,8,8,10,3,9,3,0,0,4,0,0,111,"Ngata, Elizabeth"
2022,Fall,2022-fa,ECE,205,Electrical & Electronic Ckts,LEC,31,26,18,14,9,9,10,11,0,0,0,0,0,2,130,"Ngata, Liz"
2022,Spring,2022-sp,ECE,205,Electrical & Electronic Ckts,LEC,18,12,19,15,17,13,4,1,1,2,3,3,2,1,111,"Ravindran, Kirabo"
2023,Fall,2023-fa,ECE,205,Electrical & Electronic Ckts,LCD,65,17,23,24,9,12,3,2,0,5,8,0,10,7,185,"Ngata, Elizabeth"
2023,Fall,2023-fa,ECE,205,Electrical & Electronic Ckts,LEC,16,13,27,14,12,13,10,6,5,2,4,2,2,0,126,"Ravindran, Kirabo"
2023,Spring,2023-sp,ECE,205,Electrical & Electronic Ckts,DIS,18,4,4,6,6,0,0,4,2,1,0,0,0,1,46,"Ngata, E"
2023,Spring,2023-sp,ECE,205,Electrical & Electronic Ckts,LEC,47,24,23,11,0,3,12,1,16,11,9,0,5,1,163,"Ngata, Elizabeth"
2024,Fall,2024-fa,ECE,205,Electrical & Electronic Ckts,LEC,14,27,14,18,18,19,5,12,1,2,0,2,0,4,136,"Ravindran, Kirabo"
2024,Spring,2024-sp,ECE,205,Electrical & Electronic Ckts,LCD,57,26,11,33,14,7,5,7,5,14,0,0,0,5,184,"Ngata, Elizabeth"
2021,Fall,2021-fa,ECE,206,Electrical & Electronics Lab,LEC,0,4,7,1,3,0,1,0,2,0,0,0,0,2,20,"Calloway, Emeka"
2021,Fall,2021-fa,ECE,206,Electrical & Electronics Lab,LEC,0,4,4,2,1,0,0,0,1,1,1,0,0,0,14,"Fennimore, Priya"
2021,Spring,2021-sp,ECE,206,Electrical & Electronics Lab,DIS,1,2,1,3,0,0,1,0,0,0,0,0,0,0,8,"Fennimore, P"
2021,Spring,2021-sp,ECE,206,Electrical & Electronics Lab,LEC,3,9,11,1,3,1,0,0,2,0,1,0,0,0,31,"Fennimore, Priya"
2022,Fall,2022-fa,ECE,206,Electrical & Electronics Lab,LEC,0,2,12,1,2,0,0,1,0,0,0,1,0,0,19,"Calloway, Emeka"
2022,Spring,2022-sp,ECE,206,Electrical & Electronics Lab,LEC,2,5,12,1,1,1,0,0,0,2,0,0,1,0,25,"Calloway, Emeka"
2022,Spring,2022-sp,ECE,206,Electrical & Electronics Lab,LEC,2,11,7,3,1,1,2,0,0,0,0,0,2,0,29,"Fennimore, Priya"
2023,Fall,2023-fa,ECE,206,Electrical & Electronics Lab,LEC,1,6,14,1,3,0,1,0,0,0,0,0,1,2,29,"Calloway, E"
2023,Fall,2023-fa,ECE,206,Electrical & Electronics Lab,LEC,1,16,8,3,0,2,0,3,0,1,1,0,1,1,37,"Fennimore, Priya"
2023,Spring,2023-sp,ECE,206,Electrical & Electronics Lab,DIS,0,4,2,2,0,0,0,0,0,0,0,0,0,0,8,"Balogun, K"
2023,Spring,2023-sp,ECE,206,Electrical & Electronics Lab,DIS,0,5,0,0,0,1,1,0,1,0,0,0,0,1,9,"Fennimore, P"
2023,Spring,2023-sp,ECE,206,Electrical & Electronics Lab,LEC,2,15,12,5,2,0,2,0,0,1,0,1,0,0,40,"Calloway, Emeka"
2023,Spring,2023-sp,ECE,206,Electrical & Electronics Lab,LEC,3,7,6,1,1,3,0,3,0,0,1,2,0,2,29,"Fennimore, Priya"
2024,Fall,2024-fa,ECE,206,Electrical & Electronics Lab,DIS,0,2,4,0,1,1,0,0,0,0,0,0,0,1,9,"Calloway, E"
2024,Fall,2024-fa,ECE,206,Electrical & Electronics Lab,LEC,0,12,18,1,3,1,1,0,0,1,0,0,0,1,38,"Calloway, Emeka"
2025,Fall,2025-fa,ECE,206,Electrical & Electronics Lab,LEC,0,4,6,1,3,0,0,0,0,0,2,0,0,0,16,"Calloway, Emeka"
2025,Spring,2025-sp,ECE,206,Electrical & Electronics Lab,LEC,1,4,6,3,0,5,4,0,0,0,0,0,0,1,24,"Calloway, Emeka"
2020,Fall,2020-fa,ECE,210,Analog Signal Processing,LEC,4,12,4,7,7,7,2,5,5,0,3,0,0,1,57,"D'Amato, Samuel"
2021,Spring,2021-sp,ECE,210,Analog Signal Processing,LCD,2,4,2,4,16,4,11,19,6,2,2,0,0,2,74,"D'Amato, Samuel"
2022,Fall,2022-fa,ECE,210,Analog Signal Processing,LEC,5,0,2,11,5,5,1,5,1,0,0,3,1,2,41,"D'Amato, Samuel"
2022,Spring,2022-sp,ECE,210,Analog Signal Processing,LCD,8,13,3,10,13,16,8,9,5,1,5,1,1,6,99,"D'Amato, Samuel"
2023,Fall,2023-fa,ECE,210,Analog Signal Processing,LCD,3,12,9,6,12,9,9,5,4,3,1,1,4,0,78,"D'Amato, S"
2024,Fall,2024-fa,ECE,210,Analog Signal Processing,LCD,5,7,9,3,9,8,7,3,8,4,0,1,0,2,66,"D'Amato, Samuel"
2025,Spring,2025-sp,ECE,210,Analog Signal Processing,LEC,2,2,9,6,18,5,4,6,5,6,2,1,0,1,67,"D'Amato, Samuel"
2020,Fall,2020-fa,ECE,220,Computer Systems & Programming,DIS,1,1,4,2,3,0,0,3,2,1,0,0,0,0,17,"Valdivia, M"
2020,Fall,2020-fa,ECE,220,Computer Systems & Programming,LEC,7,6,12,10,5,7,4,0,2,0,1,0,4,0,58,"Valdivia, Matthew"
2021,Spring,2021-sp,ECE,220,Computer Systems & Programming,LEC,7,9,6,8,5,2,3,11,0,0,3,0,0,2,56,"Valdivia, M"
2022,Fall,2022-fa,ECE,220,Computer Systems & Programming,LCD,9,6,7,6,2,6,2,1,0,0,0,5,5,0,49,"Valdivia, Matthew"
2023,Fall,2023-fa,ECE,220,Computer Systems & Programming,LEC,8,14,6,12,12,6,8,7,4,0,3,1,1,4,86,"Valdivia, Matthew"
2023,Spring,2023-sp,ECE,220,Computer Systems & Programming,LCD,6,12,13,7,8,8,5,4,6,2,12,1,5,3,92,"Valdivia, Matthew"
2024,Spring,2024-sp,ECE,220,Computer Systems & Programming,LEC,4,11,12,13,7,5,2,5,7,2,2,5,1,2,78,"Valdivia, Matthew"
2020,Fall,2020-fa,ECE,310,Digital Signal Processing,LEC,2,8,7,6,4,2,3,1,0,1,0,0,1,1,36,"Chaudhry, Magnus"
2021,Fall,2021-fa,ECE,310,Digital Signal Processing,ONL,2,8,6,7,9,11,2,1,6,1,0,0,2,0,55,"Fennimore, Priya"
2021,Spring,2021-sp,ECE,310,Digital Signal Processing,DIS,3,4,7,8,4,2,3,4,1,0,0,0,2,3,41,"Chaudhry, M"
2021,Spring,2021-sp,ECE,310,Digital Signal Processing,LEC,2,5,8,3,11,5,3,0,1,2,0,3,0,0,43,"Chaudhry, Magnus"
2022,Spring,2022-sp,ECE,310,Digital Signal Processing,LEC,3,4,7,5,9,9,5,3,1,0,0,0,0,0,46,"Chaudhry, Magnus"
2022,Spring,2022-sp,ECE,310,Digital Signal Processing,LEC,2,15,9,4,4,8,8,2,5,6,3,0,0,3,69,"Fennimore, Priya"
2023,Fall,2023-fa,ECE,310,Digital Signal Processing,DIS,2,5,3,2,5,1,2,3,0,0,0,0,0,3,26,"Chaudhry, M"
2023,Fall,2023-fa,ECE,310,Digital Signal Processing,LEC,13,8,5,5,11,6,4,2,3,1,2,0,3,7,70,"Chaudhry, Magnus"
2023,Spring,2023-sp,ECE,310,Digital Signal Processing,DIS,1,3,1,5,2,6,1,0,0,0,1,0,0,0,20,"Fennimore, P"
2023,Spring,2023-sp,ECE,310,Digital Signal Processing,LEC,7,8,15,10,12,14,9,1,3,8,2,0,0,3,92,"Fennimore, Priya"
2023,Spring,2023-sp,ECE,310,Digital Signal Processing,ONL,5,8,20,17,7,7,4,4,3,2,1,0,2,1,81,"Chaudhry, Magnus"
2021,Fall,2021-fa,ECE,311,Digital Signal Processing Lab,LEC,4,14,11,3,2,8,0,0,0,1,0,3,4,5,55,"Ekwueme, Søren"
2021,Fall,2021-fa,ECE,311,Digital Signal Processing Lab,LEC,5,10,11,6,1,0,0,2,0,0,2,2,3,0,42,"Fairweather, Oluwaseun"
2022,Fall,2022-fa,ECE,311,Digital Signal Processing Lab,DIS,2,10,2,0,0,0,0,0,0,0,0,0,2,0,16,"Fairweather, O"
2022,Fall,2022-fa,ECE,311,Digital Signal Processing Lab,LCD,1,16,11,1,0,4,2,0,5,0,2,0,1,1,44,"Ekwueme, Søren"
2022,Fall,2022-fa,ECE,311,Digital Signal Processing Lab,LEC,9,14,2,5,1,0,0,1,0,2,0,0,3,0,37,"Fairweather, O"
2023,Fall,2023-fa,ECE,311,Digital Signal Processing Lab,DIS,0,6,5,0,0,0,0,0,0,0,0,0,0,0,11,"Rasmussen, S"
2023,Fall,2023-fa,ECE,311,Digital Signal Processing Lab,LEC,2,11,15,2,3,0,0,2,1,0,1,0,2,3,42,"Ekwueme, Søren"
2023,Fall,2023-fa,ECE,311,Digital Signal Processing Lab,LEC,10,14,4,2,1,0,0,3,0,0,2,0,3,1,40,"Kirchner, Rúnar"
2023,Spring,2023-sp,ECE,311,Digital Signal Processing Lab,LCD,2,15,2,1,0,1,1,0,2,0,0,3,2,0,29,"Fairweather, O"
2024,Fall,2024-fa,ECE,311,Digital Signal Processing Lab,LEC,3,17,5,3,3,0,3,2,0,2,0,0,0,2,40,"Kirchner, R"
2024,Fall,2024-fa,ECE,311,Digital Signal Processing Lab,ONL,7,5,6,2,0,1,0,1,3,0,1,4,0,2,32,"Ekwueme, Søren"
2025,Spring,2025-sp,ECE,311,Digital Signal Processing Lab,DIS,0,1,4,2,0,1,0,0,0,0,0,0,0,0,8,"Ekwueme, S"
2025,Spring,2025-sp,ECE,311,Digital Signal Processing Lab,LEC,4,7,9,4,4,2,0,1,0,0,0,3,2,1,37,"Ekwueme, Søren"
2025,Spring,2025-sp,ECE,311,Digital Signal Processing Lab,LEC,5,16,2,3,0,4,1,6,0,0,1,1,0,1,40,"Kirchner, Rúnar"
2021,Fall,2021-fa,ECE,313,Probability with Engrg Applic,DIS,0,3,5,2,3,3,2,3,0,2,0,0,7,0,30,"Calloway, E"
2021,Fall,2021-fa,ECE,313,Probability with Engrg Applic,LEC,0,1,8,2,4,7,4,7,3,0,2,2,3,1,44,"Calloway, Emeka"
2021,Spring,2021-sp,ECE,313,Probability with Engrg Applic,LEC,11,10,1,11,12,11,2,10,12,0,1,0,6,3,90,"Fairweather, Oluwaseun"
2022,Fall,2022-fa,ECE,313,Probability with Engrg Applic,LCD,5,2,3,8,11,5,3,10,8,1,0,3,1,1,61,"Calloway, E"
2022,Fall,2022-fa,ECE,313,Probability with Engrg Applic,ONL,6,3,0,4,3,4,1,4,0,0,0,0,1,0,26,"Fairweather, Oluwaseun Jr"
2022,Spring,2022-sp,ECE,313,Probability with Engrg Applic,DIS,3,2,2,1,2,2,3,2,0,0,0,0,1,0,18,"Fairweather, O"
2022,Spring,2022-sp,ECE,313,Probability with Engrg Applic,LEC,2,5,5,2,6,10,5,3,1,0,3,1,0,0,43,"Calloway, Emeka"
2022,Spring,2022-sp,ECE,313,Probability with Engrg Applic,LEC,2,15,8,7,7,9,1,8,1,0,2,0,7,7,74,"Fairweather, Oluwaseun"
2023,Fall,2023-fa,ECE,313,Probability with Engrg Applic,DIS,0,3,0,0,1,1,0,2,1,0,0,0,0,1,9,"Fairweather, O"
2023,Fall,2023-fa,ECE,313,Probability with Engrg Applic,LEC,2,1,6,6,5,3,5,4,2,1,2,0,1,1,39,"Fairweather, Oluwaseun"
2023,Spring,2023-sp,ECE,313,Probability with Engrg Applic,LEC,0,3,6,5,12,12,7,4,2,0,6,3,0,0,60,"Calloway, Emeka"
2024,Fall,2024-fa,ECE,313,Probability with Engrg Applic,LCD,1,5,4,2,1,1,2,4,2,4,0,0,2,0,28,"Calloway, Emeka"
2025,Spring,2025-sp,ECE,313,Probability with Engrg Applic,LCD,5,8,7,3,14,11,4,7,0,5,2,1,6,2,75,"Calloway, Emeka"
2020,Fall,2020-fa,ECE,329,Fields and Waves I,LEC,5,9,3,4,6,0,5,5,1,0,0,0,2,0,40,"Valdivia, Matthew"
2021,Fall,2021-fa,ECE,329,Fields and Waves I,LCD,0,3,5,2,5,6,2,6,4,2,1,0,2,0,38,"Valdivia, Matthew"
2021,Fall,2021-fa,ECE,329,Fields and Waves I,LEC,2,7,12,6,8,10,2,5,2,6,0,2,6,2,70,"Ekwueme, S"
2021,Spring,2021-sp,ECE,329,Fields and Waves I,LCD,1,6,11,1,12,5,7,5,2,2,2,3,1,1,59,"Müller, Matthew"
2022,Fall,2022-fa,ECE,329,Fields and Waves I,LCD,6,8,5,3,9,0,2,3,2,1,0,0,2,1,42,"Valdivia, Matthew"
2022,Fall,2022-fa,ECE,329,Fields and Waves I,LEC,0,6,2,6,7,5,5,3,4,0,3,0,0,1,42,"Ekwueme, Søren"
2022,Spring,2022-sp,ECE,329,Fields and Waves I,LEC,1,11,1,3,3,7,0,5,4,0,5,2,1,2,45,"Müller, Matthew"
2022,Spring,2022-sp,ECE,329,Fields and Waves I,LEC,10,7,5,3,7,6,1,7,5,3,1,0,4,3,62,"Valdivia, M"
2023,Fall,2023-fa,ECE,329,Fields and Waves I,DIS,2,3,3,0,0,2,1,3,0,1,0,0,1,0,16,"Valdivia, M"
2023,Fall,2023-fa,ECE,329,Fields and Waves I,LEC,4,6,4,4,7,6,4,5,0,3,1,0,1,1,46,"Müller, Matthew"
2023,Fall,2023-fa,ECE,329,Fields and Waves I,LEC,5,7,7,5,4,3,0,7,1,0,1,0,0,1,41,"Valdivia, M"
2023,Spring,2023-sp,ECE,329,Fields and Waves I,LCD,5,4,8,8,2,5,8,1,2,4,1,4,0,1,53,"Ekwueme, Søren"
2023,Spring,2023-sp,ECE,329,Fields and Waves I,ONL,4,8,5,3,12,4,11,5,3,4,3,0,2,1,65,"Valdivia, M"
2024,Fall,2024-fa,ECE,329,Fields and Waves I,LEC,5,16,5,1,3,6,0,6,1,0,2,0,6,2,53,"Ekwueme, Søren"
2024,Fall,2024-fa,ECE,329,Fields and Waves I,LEC,3,8,2,6,8,3,0,6,2,2,0,0,3,3,46,"Valdivia, Matthew"
2024,Spring,2024-sp,ECE,329,Fields and Waves I,LCD,4,4,4,2,3,6,2,8,2,2,0,0,2,0,39,"Müller, Matthew"
2024,Spring,2024-sp,ECE,329,Fields and Waves I,LEC,2,11,2,11,7,4,5,5,0,2,0,3,8,1,61,"Valdivia, Matthew"
2025,Fall,2025-fa,ECE,329,Fields and Waves I,LEC,1,5,3,10,8,7,11,1,4,0,6,0,0,0,56,"Ekwueme, Søren"
2025,Spring,2025-sp,ECE,329,Fields and Waves I,LEC,0,3,10,4,2,1,2,4,3,3,1,1,1,3,38,"Müller, Matthew"
2021,Fall,2021-fa,ECE,330,Power Ckts & Electromechanics,DIS,0,3,0,1,5,3,1,1,1,0,1,0,0,2,18,"Zuniga, M"
2021,Fall,2021-fa,ECE,330,Power Ckts & Electromechanics,LEC,6,18,2,3,6,11,2,6,1,0,5,0,0,1,61,"Zuniga, Mihail"
2021,Spring,2021-sp,ECE,330,Power Ckts & Electromechanics,LEC,6,9,5,3,21,6,4,5,5,1,2,2,6,1,76,"Zuniga, Mihail Jr"
2022,Fall,2022-fa,ECE,330,Power Ckts & Electromechanics,LEC,3,11,7,1,10,4,0,2,0,3,0,0,1,0,42,"Zuniga, M"
2022,Spring,2022-sp,ECE,330,Power Ckts & Electromechanics,LCD,3,6,6,5,17,8,3,5,4,1,8,1,2,2,71,"Zuniga, Mihail"
2023,Spring,2023-sp,ECE,330,Power Ckts & Electromechanics,LCD,8,14,4,9,15,0,1,6,2,3,2,0,1,1,66,"Zuniga, Mihail"
2024,Spring,2024-sp,ECE,330,Power Ckts & Electromechanics,LEC,11,13,6,7,14,5,6,11,3,1,3,0,3,5,88,"Zuniga, Mihail"
2025,Spring,2025-sp,ECE,330,Power Ckts & Electromechanics,DIS,3,4,5,0,1,0,2,3,0,0,0,0,0,1,19,"Zuniga, M"
2025,Spring,2025-sp,ECE,330,Power Ckts & Electromechanics,LEC,7,10,7,14,13,6,7,6,0,6,3,0,0,1,80,"Zuniga, Mihail"
2023,Fall,2023-fa,ECE,333,Green Electric Energy,LEC,10,15,19,10,14,14,1,2,2,2,0,1,0,4,94,"Kirchner, Rúnar"
2023,Spring,2023-sp,ECE,333,Green Electric Energy,LEC,6,12,13,9,17,15,3,0,0,0,2,0,0,1,78,"Kirchner, Rúnar"
2024,Fall,2024-fa,ECE,333,Green Electric Energy,LEC,4,29,10,13,9,8,3,1,2,0,4,5,0,1,89,"Kirchner, R"
2025,Fall,2025-fa,ECE,333,Green Electric Energy,DIS,2,5,3,0,7,3,2,1,1,2,0,2,0,2,30,"Kirchner, R"
2025,Fall,2025-fa,ECE,333,Green Electric Energy,LEC,11,14,19,12,24,8,3,11,3,0,0,1,7,1,114,"Kirchner, Rúnar"
2025,Spring,2025-sp,ECE,333,Green Electric Energy,LEC,2,7,4,2,4,2,1,3,1,1,0,0,2,1,30,"Kirchner, R"
2022,Fall,2022-fa,ECE,340,Semiconductor Electronics,LEC,4,5,5,4,12,0,3,4,6,2,10,0,4,3,62,"Wierzbicki, Teodora"
2022,Spring,2022-sp,ECE,340,Semiconductor Electronics,LEC,2,1,2,3,5,7,0,3,0,3,0,1,2,1,30,"Haddad-Lindqvist, Rúnar"
2022,Spring,2022-sp,ECE,340,Semiconductor Electronics,LEC,1,4,3,0,2,0,3,5,1,0,2,0,1,2,24,"Wierzbicki, Teodora"
2023,Fall,2023-fa,ECE,340,Semiconductor Electronics,LCD,0,7,1,4,9,3,2,5,4,2,6,0,2,2,47,"Wierzbicki, Teodora"
2023,Spring,2023-sp,ECE,340,Semiconductor Electronics,LEC,1,6,1,2,7,5,2,4,2,1,3,0,1,0,35,"Haddad-Lindqvist, Rúnar"
2023,Spring,2023-sp,ECE,340,Semiconductor Electronics,LEC,0,8,4,3,5,3,1,6,0,0,3,0,4,0,37,"Wierzbicki, Teodora"
2024,Spring,2024-sp,ECE,340,Semiconductor Electronics,DIS,1,1,0,3,1,0,0,2,0,0,0,0,0,0,8,"Haddad-Lindqvist, R"
2024,Spring,2024-sp,ECE,340,Semiconductor Electronics,DIS,0,4,1,1,4,0,2,2,0,0,0,0,1,1,16,"Wierzbicki, T"
2024,Spring,2024-sp,ECE,340,Semiconductor Electronics,LEC,3,4,1,1,2,2,5,4,1,0,2,0,1,0,26,"Haddad-Lindqvist, Rúnar"
2024,Spring,2024-sp,ECE,340,Semiconductor Electronics,LEC,0,5,0,5,8,6,4,3,2,0,0,0,1,0,34,"Wierzbicki, Teodora"
2025,Fall,2025-fa,ECE,340,Semiconductor Electronics,DIS,0,6,2,1,4,1,1,0,0,4,2,0,0,2,23,"Haddad-Lindqvist, R"
2025,Fall,2025-fa,ECE,340,Semiconductor Electronics,LEC,3,4,3,3,6,7,8,5,2,2,2,3,4,4,56,"Haddad-Lindqvist, Rúnar"
2025,Fall,2025-fa,ECE,340,Semiconductor Electronics,LEC,4,6,0,4,5,2,6,8,3,1,2,0,3,1,45,"Wierzbicki, T"
2025,Spring,2025-sp,ECE,340,Semiconductor Electronics,LEC,2,3,0,5,7,0,0,5,7,0,5,3,1,2,40,"Haddad-Lindqvist, Rúnar"
2025,Spring,2025-sp,ECE,340,Semiconductor Electronics,LEC,0,7,7,2,7,4,0,4,3,0,1,0,0,0,35,"Wierzbicki, Teodora"
2021,Spring,2021-sp,ECE,342,Electronic Circuits,LCD,1,21,8,15,8,5,1,0,0,0,0,0,0,0,59,"Fairweather, Oluwaseun"
2022,Fall,2022-fa,ECE,342,Electronic Circuits,DIS,1,0,4,3,1,0,1,1,0,0,0,0,0,1,12,"Fairweather, O"
2022,Fall,2022-fa,ECE,342,Electronic Circuits,LEC,3,11,10,7,5,7,1,5,2,0,1,2,6,4,64,"Fairweather, Oluwaseun"
2022,Spring,2022-sp,ECE,342,Electronic Circuits,LEC,0,9,10,12,1,2,6,1,2,0,0,0,1,1,45,"Fairweather, Oluwaseun"
2023,Fall,2023-fa,ECE,342,Electronic Circuits,DIS,1,1,1,3,3,0,4,0,0,0,1,0,0,1,15,"Fairweather, O"
2023,Fall,2023-fa,ECE,342,Electronic Circuits,LEC,3,18,5,8,2,4,6,5,3,0,0,0,3,2,59,"Fairweather, Oluwaseun"
2023,Spring,2023-sp,ECE,342,Electronic Circuits,DIS,4,4,2,3,3,0,2,0,3,0,1,0,0,1,23,"Fairweather, O"
2023,Spring,2023-sp,ECE,342,Electronic Circuits,LEC,6,16,7,5,1,0,1,7,2,0,0,0,0,0,45,"Fairweather, Oluwaseun"
2020,Fall,2020-fa,ECE,385,Digital Systems Laboratory,DIS,7,16,6,6,10,4,3,7,0,0,0,0,2,2,63,"Ravindran, Kirabo"
2020,Fall,2020-fa,ECE,385,Digital Systems Laboratory,LEC,6,52,49,26,23,8,12,2,6,0,0,2,7,11,204,"Ravindran, Kirabo"
2021,Fall,2021-fa,ECE,385,Digital Systems Laboratory,LCD,18,50,42,34,36,32,8,14,0,10,0,1,12,17,274,"Ekwueme, Søren"
2021,Fall,2021-fa,ECE,385,Digital Systems Laboratory,LEC,55,38,44,28,26,10,10,5,0,7,3,17,0,5,248,"Ngata, Elizabeth"
2021,Spring,2021-sp,ECE,385,Digital Systems Laboratory,DIS,6,8,3,6,1,5,0,1,0,1,2,0,0,1,34,"Ngata, E"
2021,Spring,2021-sp,ECE,385,Digital Systems Laboratory,LEC,49,64,38,27,17,39,13,17,11,0,24,0,0,13,312,"Ngata, Elizabeth"
2021,Spring,2021-sp,ECE,385,Digital Systems Laboratory,ONL,27,56,49,56,39,18,19,8,11,6,0,6,0,8,303,"Ravindran, Kirabo"
2022,Fall,2022-fa,ECE,385,Digital Systems Laboratory,DIS,23,13,13,13,14,2,3,6,7,3,3,0,4,2,106,"Balogun, K"
2022,Fall,2022-fa,ECE,385,Digital Systems Laboratory,DIS,6,17,18,18,19,7,8,3,0,4,1,2,0,3,106,"Ravindran, Kirabo"
2022,Fall,2022-fa,ECE,385,Digital Systems Laboratory,LEC,23,43,33,26,24,23,14,5,0,5,1,5,0,3,205,"Ekwueme, Søren"
2022,Fall,2022-fa,ECE,385,Digital Systems Laboratory,LEC,36,43,19,27,16,22,9,7,6,12,5,4,0,1,207,"Ngata, Elizabeth"
2022,Fall,2022-fa,ECE,385,Digital Systems Laboratory,LEC,15,64,62,41,34,41,3,4,24,10,0,8,0,8,314,"Ravindran, Kirabo"
2022,Spring,2022-sp,ECE,385,Digital Systems Laboratory,LEC,34,47,13,34,17,25,0,10,5,0,2,1,6,8,202,"Ngata, E"
2023,Fall,2023-fa,ECE,385,Digital Systems Laboratory,LEC,47,44,46,27,21,7,14,1,14,0,0,0,0,4,225,"Ngata, Elizabeth"
2023,Fall,2023-fa,ECE,385,Digital Systems Laboratory,LEC,34,94,91,41,16,45,18,11,20,1,2,0,0,19,392,"Ravindran, Kirabo"
2023,Spring,2023-sp,ECE,385,Digital Systems Laboratory,DIS,3,12,15,8,10,4,0,0,0,2,0,0,0,3,57,"Ekwueme, S"
2023,Spring,2023-sp,ECE,385,Digital Systems Laboratory,LEC,15,83,56,39,31,13,4,1,0,6,0,3,4,8,263,"Ekwueme, Søren"
2024,Fall,2024-fa,ECE,385,Digital Systems Laboratory,LEC,7,32,38,31,14,15,5,4,1,4,5,1,9,9,175,"Ekwueme, Søren"
2024,Fall,2024-fa,ECE,385,Digital Systems Laboratory,LEC,84,43,17,57,9,34,4,1,4,2,6,0,8,10,279,"Ngata, E"
2024,Spring,2024-sp,ECE,385,Digital Systems Laboratory,LEC,18,64,36,30,36,11,10,3,17,0,2,4,16,12,259,"Ekwueme, Søren"
2024,Spring,2024-sp,ECE,385,Digital Systems Laboratory,LEC,32,74,56,33,31,14,11,0,22,0,0,16,0,5,294,"Ravindran, Kirabo"
2025,Fall,2025-fa,ECE,385,Digital Systems Laboratory,LEC,22,34,46,29,18,9,9,6,0,13,1,8,14,3,212,"Ekwueme, Søren"
2020,Fall,2020-fa,ECE,391,Computer Systems Engineering,LCD,17,19,14,34,18,13,11,19,10,10,0,7,11,3,186,"D'Amato, Samuel"
2020,Spring,2020-sp,ECE,391,Computer Systems Engineering,LEC,6,33,13,25,22,19,18,11,7,2,14,0,6,3,179,"D'Amato, Samuel"
2021,Fall,2021-fa,ECE,391,Computer Systems Engineering,LEC,0,20,27,22,60,45,13,16,13,1,0,9,24,9,259,"Müller, Matt"
2021,Spring,2021-sp,ECE,391,Computer Systems Engineering,LEC,4,27,24,21,23,14,5,20,10,0,0,5,6,4,163,"D'Amato, Samuel"
2021,Spring,2021-sp,ECE,391,Computer Systems Engineering,LEC,0,8,21,12,17,13,11,18,4,0,12,0,10,6,132,"Müller, Matt"
2021,Spring,2021-sp,ECE,391,Computer Systems Engineering,ONL,9,31,18,38,20,30,4,7,7,13,0,1,2,2,182,"Khoury, Christopher"
2022,Fall,2022-fa,ECE,391,Computer Systems Engineering,DIS,1,4,5,6,4,2,3,5,0,1,4,0,2,0,37,"D'Amato, S"
2022,Fall,2022-fa,ECE,391,Computer Systems Engineering,LEC,1,30,17,23,24,12,2,0,0,9,5,0,6,2,131,"D'Amato, Samuel"
2022,Fall,2022-fa,ECE,391,Computer Systems Engineering,LEC,15,38,26,28,41,8,2,6,6,8,13,8,2,7,208,"Khoury, Christopher"
2022,Fall,2022-fa,ECE,391,Computer Systems Engineering,LEC,6,18,31,22,12,33,20,20,23,1,13,4,23,13,239,"Müller, Matthew"
2022,Spring,2022-sp,ECE,391,Computer Systems Engineering,LCD,9,29,36,8,8,22,17,17,16,6,9,0,8,2,187,"Müller, Matthew"
2022,Spring,2022-sp,ECE,391,Computer Systems Engineering,LEC,1,46,16,15,36,9,5,11,14,11,9,2,7,4,186,"D'Amato, Samuel"
2023,Fall,2023-fa,ECE,391,Computer Systems Engineering,DIS,4,7,4,6,8,2,10,2,1,0,0,0,3,1,48,"Müller, M"
2023,Fall,2023-fa,ECE,391,Computer Systems Engineering,LEC,3,7,17,14,6,14,5,13,11,1,14,6,6,0,117,"Müller, Matthew"
2023,Fall,2023-fa,ECE,391,Computer Systems Engineering,ONL,5,24,20,16,28,14,6,9,15,4,0,0,9,3,153,"D'Amato, Samuel"
2023,Spring,2023-sp,ECE,391,Computer Systems Engineering,LCD,14,43,15,32,30,26,19,29,3,0,9,3,10,6,239,"D'Amato, Samuel"
2023,Spring,2023-sp,ECE,391,Computer Systems Engineering,LEC,11,20,7,11,26,11,3,0,5,10,0,0,9,6,119,"Khoury, Christopher"
2023,Spring,2023-sp,ECE,391,Computer Systems Engineering,LEC,12,12,39,21,44,44,20,4,0,21,1,0,15,2,235,"Müller, M"
2024,Fall,2024-fa,ECE,391,Computer Systems Engineering,LCD,9,25,17,18,25,9,19,3,0,4,11,0,0,3,143,"D'Amato, Samuel"
2024,Fall,2024-fa,ECE,391,Computer Systems Engineering,LEC,12,41,20,24,29,37,14,9,0,7,4,0,0,3,200,"Khoury, Christopher"
2024,Spring,2024-sp,ECE,391,Computer Systems Engineering,DIS,1,4,3,5,4,9,6,1,0,0,0,2,0,0,35,"Müller, M"
2024,Spring,2024-sp,ECE,391,Computer Systems Engineering,LEC,4,33,34,30,54,19,26,23,3,5,4,0,8,3,246,"D'Amato, Samuel"
2024,Spring,2024-sp,ECE,391,Computer Systems Engineering,LEC,0,3,20,13,9,10,6,15,5,5,0,3,3,1,93,"Müller, Matthew"
2025,Fall,2025-fa,ECE,391,Computer Systems Engineering,LCD,1,19,8,8,12,7,6,5,4,7,0,9,9,5,100,"D'Amato, Samuel"
2025,Fall,2025-fa,ECE,391,Computer Systems Engineering,LEC,0,12,19,16,23,16,18,9,5,9,9,4,6,3,149,"Müller, Matthew"
2025,Spring,2025-sp,ECE,391,Computer Systems Engineering,DIS,3,10,5,5,6,8,1,0,5,4,1,0,0,1,49,"D'Amato, S"
2025,Spring,2025-sp,ECE,391,Computer Systems Engineering,LEC,5,35,19,26,49,21,18,13,10,16,5,8,0,10,235,"D'Amato, Samuel"
2025,Spring,2025-sp,ECE,391,Computer Systems Engineering,LEC,3,27,21,27,16,19,6,11,10,3,0,0,1,3,147,"Khoury, C"
2020,Fall,2020-fa,ECE,408,Applied Parallel Programming,DIS,0,9,3,2,3,4,2,2,0,0,0,1,0,1,27,"Chaudhry, M"
2020,Fall,2020-fa,ECE,408,Applied Parallel Programming,LEC,9,22,7,11,14,6,7,6,2,0,0,0,2,3,89,"Chaudhry, M"
2020,Spring,2020-sp,ECE,408,Applied Parallel Programming,LEC,2,17,17,5,21,16,10,1,4,3,3,0,2,2,103,"Sørensen, Halvard"
2021,Fall,2021-fa,ECE,408,Applied Parallel Programming,LCD,2,15,12,7,13,7,6,2,2,0,1,0,0,3,70,"Sørensen, Halvard"
2021,Fall,2021-fa,ECE,408,Applied Parallel Programming,LEC,8,17,14,13,6,9,5,2,2,0,0,1,2,2,81,"Chaudhry, Magnus"
2022,Fall,2022-fa,ECE,408,Applied Parallel Programming,LEC,12,24,22,8,12,14,12,8,0,0,1,3,0,5,121,"Chaudhry, Magnus"
2022,Spring,2022-sp,ECE,408,Applied Parallel Programming,LCD,0,19,12,8,13,5,2,9,6,0,1,0,0,2,77,"Haddad-Lindqvist, Rúnar Jr"
2022,Spring,2022-sp,ECE,408,Applied Parallel Programming,LEC,0,18,9,10,12,7,3,11,3,0,0,0,4,1,78,"Sørensen, Halvard"
2022,Spring,2022-sp,ECE,408,Applied Parallel Programming,ONL,14,27,9,8,6,5,6,4,0,0,2,0,1,1,83,"Chaudhry, Magnus"
2023,Fall,2023-fa,ECE,408,Applied Parallel Programming,LEC,8,21,18,6,12,8,8,15,2,0,0,0,2,9,109,"Haddad-Lindqvist, Rúnar"
2023,Spring,2023-sp,ECE,408,Applied Parallel Programming,DIS,2,10,6,4,5,7,1,2,2,0,0,1,0,1,41,"Chaudhry, M"
2023,Spring,2023-sp,ECE,408,Applied Parallel Programming,LEC,9,15,7,14,14,6,11,0,9,1,1,4,1,2,94,"Chaudhry, Magnus"
2024,Fall,2024-fa,ECE,408,Applied Parallel Programming,LEC,0,24,7,39,17,8,17,5,0,0,0,0,1,2,120,"Haddad-Lindqvist, R"
2025,Fall,2025-fa,ECE,408,Applied Parallel Programming,LEC,2,30,29,16,9,6,4,13,0,0,0,5,3,2,119,"Haddad-Lindqvist, Rúnar"
2022,Spring,2022-sp,ECE,411,Computer Organization & Design,DIS,0,5,4,10,5,6,0,1,1,4,1,0,0,2,39,"Wierzbicki, T"
2022,Spring,2022-sp,ECE,411,Computer Organization & Design,LEC,2,6,13,10,10,11,3,3,2,0,3,0,0,2,65,"Wierzbicki, Teodora"
2023,Fall,2023-fa,ECE,411,Computer Organization & Design,LEC,7,22,10,12,9,15,5,7,2,1,4,1,0,2,97,"Wierzbicki, Teodora"
2024,Fall,2024-fa,ECE,411,Computer Organization & Design,LEC,0,17,14,16,6,9,6,1,7,1,5,0,0,4,86,"Wierzbicki, T"
2025,Spring,2025-sp,ECE,411,Computer Organization & Design,ONL,3,16,18,16,13,11,13,0,3,1,0,3,0,3,100,"Wierzbicki, Teodora"
2021,Fall,2021-fa,ECE,445,Senior Design Project Lab,LCD,8,19,12,16,18,8,11,5,0,1,2,2,0,4,106,"Khoury, Christopher"
2021,Spring,2021-sp,ECE,445,Senior Design Project Lab,DIS,3,6,2,8,1,9,3,2,0,1,0,1,1,0,37,"Khoury, C"
2021,Spring,2021-sp,ECE,445,Senior Design Project Lab,LEC,13,10,16,16,21,6,7,9,10,4,0,0,2,1,115,"Khoury, Christopher"
2022,Spring,2022-sp,ECE,445,Senior Design Project Lab,LCD,15,16,20,19,24,9,9,5,0,0,5,0,4,2,128,"Khoury, Christopher"
2023,Spring,2023-sp,ECE,445,Senior Design Project Lab,ONL,9,20,10,16,14,5,8,4,2,3,3,0,0,4,98,"Khoury, C"
2024,Fall,2024-fa,ECE,445,Senior Design Project Lab,DIS,3,13,3,5,11,7,3,1,2,0,0,0,2,0,50,"Khoury, C"
2024,Fall,2024-fa,ECE,445,Senior Design Project Lab,LEC,9,16,10,5,20,10,3,4,0,2,0,1,0,2,82,"Khoury, Christopher"
2025,Fall,2025-fa,ECE,445,Senior Design Project Lab,LEC,4,36,8,23,15,3,4,7,1,1,2,3,0,8,115,"Khoury, Christopher Jr"
2020,Fall,2020-fa,ECE,549,Computer Vision,LEC,12,68,9,2,13,0,0,2,0,0,0,0,0,1,107,"Sørensen, Halvard Jr"
2021,Fall,2021-fa,ECE,549,Computer Vision,DIS,3,8,0,4,1,0,2,0,1,0,2,0,0,0,21,"Sørensen, H"
2021,Fall,2021-fa,ECE,549,Computer Vision,LEC,4,50,7,2,4,0,0,1,1,2,3,0,0,1,75,"Sørensen, Halvard"
2021,Spring,2021-sp,ECE,549,Computer Vision,DIS,4,13,4,1,1,1,2,2,0,0,0,2,0,0,30,"Sørensen, H"
2021,Spring,2021-sp,ECE,549,Computer Vision,LEC,6,50,5,2,6,0,0,0,4,0,8,4,0,1,86,"Sørensen, Halvard"
2022,Fall,2022-fa,ECE,549,Computer Vision,LEC,11,40,7,10,5,2,1,1,0,0,0,0,0,5,82,"Sørensen, Halvard"
2022,Spring,2022-sp,ECE,549,Computer Vision,LEC,5,48,7,7,5,0,6,2,8,1,1,0,0,2,92,"Sørensen, Halvard"
2020,Fall,2020-fa,MATH,112,Algebra,LCD,4,29,12,6,17,10,19,7,5,3,7,4,5,2,130,"Anand, Magnus"
2020,Spring,2020-sp,MATH,112,Algebra,LEC,13,21,22,16,25,13,9,6,18,6,0,5,6,1,161,"Macallister, Thandiwe"
2021,Fall,2021-fa,MATH,112,Algebra,ONL,4,7,10,5,20,9,4,15,0,7,2,0,4,2,89,"Anand, Magnus"
2021,Spring,2021-sp,MATH,112,Algebra,LEC,7,35,27,16,27,10,8,9,19,10,3,3,7,6,187,"Macallister, Thandiwe"
2022,Fall,2022-fa,MATH,112,Algebra,LEC,2,24,21,6,16,8,4,14,10,0,0,10,13,6,134,"Anand, M"
2022,Spring,2022-sp,MATH,112,Algebra,LEC,1,14,13,11,25,18,5,9,11,0,6,8,3,2,126,"Anand, Magnus"
2022,Spring,2022-sp,MATH,112,Algebra,LEC,5,4,8,8,10,7,9,8,4,8,0,4,4,2,81,"Macallister, Thandiwe"
2023,Fall,2023-fa,MATH,112,Algebra,LEC,4,14,11,22,25,11,17,9,19,3,1,2,0,8,146,"Anand, Magnus"
2023,Spring,2023-sp,MATH,112,Algebra,DIS,2,2,6,2,3,4,6,2,1,0,0,3,3,0,34,"Macallister, T"
2023,Spring,2023-sp,MATH,112,Algebra,LEC,0,8,19,15,11,5,11,2,1,0,4,1,5,0,82,"Anand, Magnus"
2023,Spring,2023-sp,MATH,112,Algebra,LEC,11,15,26,21,21,17,5,14,6,6,5,1,1,7,156,"Macallister, T"
2024,Fall,2024-fa,MATH,112,Algebra,LCD,1,11,4,10,5,5,8,2,4,0,4,3,5,2,64,"Macallister, Thandiwe"
2024,Fall,2024-fa,MATH,112,Algebra,LEC,6,24,15,6,9,15,10,8,11,0,0,2,9,7,122,"Anand, M"
2024,Spring,2024-sp,MATH,112,Algebra,ONL,0,22,20,24,24,16,6,11,19,15,0,0,13,5,175,"Anand, Magnus"
2025,Fall,2025-fa,MATH,112,Algebra,LEC,8,19,16,11,14,8,12,8,5,4,3,0,12,4,124,
2025,Fall,2025-fa,MATH,112,Algebra,LEC,13,23,14,15,18,12,14,2,7,1,0,8,2,2,131,"Staff"
2021,Spring,2021-sp,MATH,115,Preparation for Calculus,DIS,0,3,0,5,7,6,3,2,1,4,1,1,5,0,38,"Larkspur, A"
2021,Spring,2021-sp,MATH,115,Preparation for Calculus,LEC,0,21,8,15,21,25,11,21,7,15,16,15,22,6,203,"Tanaka-Whitfield, Rohan"
2022,Fall,2022-fa,MATH,115,Preparation for Calculus,LEC,2,13,10,12,16,15,8,15,6,16,16,1,4,5,139,"Tanaka-Whitfield, Rohan"
2023,Spring,2023-sp,MATH,115,Preparation for Calculus,LEC,12,13,22,19,27,9,10,12,14,4,8,7,12,6,175,"Tanaka-Whitfield, Rohan"
2024,Spring,2024-sp,MATH,115,Preparation for Calculus,LEC,0,27,7,7,46,15,9,27,26,6,0,1,15,9,195,"Tanaka-Whitfield, Rohan"
2025,Fall,2025-fa,MATH,115,Preparation for Calculus,LEC,3,20,11,7,22,7,12,16,1,13,6,5,10,6,139,"Tanaka-Whitfield, Rohan"
2025,Spring,2025-sp,MATH,115,Preparation for Calculus,DIS,1,1,1,0,3,3,0,1,0,0,0,0,2,1,13,"Westergaard, R"
2025,Spring,2025-sp,MATH,115,Preparation for Calculus,LEC,9,20,16,10,26,5,11,32,10,5,3,5,15,2,169,"Tanaka-Whitfield, Rohan"
2020,Fall,2020-fa,MATH,124,Finite Mathematics,LEC,0,4,3,2,0,2,2,0,0,0,2,2,0,2,19,"Gunnarsson, Hana"
2020,Spring,2020-sp,MATH,124,Finite Mathematics,DIS,0,0,0,1,2,3,1,0,0,0,0,1,0,0,8,"Gunnarsson, H"
2020,Spring,2020-sp,MATH,124,Finite Mathematics,LCD,4,6,3,3,5,0,0,2,2,0,0,0,2,1,28,"Ndlovu, Ondřej"
2020,Spring,2020-sp,MATH,124,Finite Mathematics,LEC,2,4,2,3,5,4,3,4,2,2,0,1,3,3,38,"Gunnarsson, Hana"
2021,Fall,2021-fa,MATH,124,Finite Mathematics,LEC,3,3,4,2,3,3,2,0,0,1,3,0,1,0,25,"Gunnarsson, Hana"
2021,Fall,2021-fa,MATH,124,Finite Mathematics,ONL,6,4,6,6,3,2,5,0,1,0,1,1,0,1,36,"Ndlovu, Ondřej"
2021,Spring,2021-sp,MATH,124,Finite Mathematics,LEC,4,8,6,6,8,1,2,3,1,0,0,0,0,1,40,"Ndlovu, Ondřej"
2021,Spring,2021-sp,MATH,124,Finite Mathematics,ONL,1,4,4,2,2,4,0,4,1,0,0,0,0,2,24,"Arslan, Jennifer"
2022,Fall,2022-fa,MATH,124,Finite Mathematics,DIS,0,2,1,1,1,1,0,0,0,0,0,0,2,0,8,"Gunnarsson, H"
2022,Fall,2022-fa,MATH,124,Finite Mathematics,LEC,0,4,7,4,1,1,0,0,0,0,0,0,2,1,20,"Gunnarsson, Hana"
2022,Fall,2022-fa,MATH,124,Finite Mathematics,LEC,1,6,4,4,1,2,0,3,1,0,0,2,0,0,24,"Ndlovu, O"
2022,Spring,2022-sp,MATH,124,Finite Mathematics,LCD,0,2,5,3,0,1,3,2,1,0,3,0,2,0,22,"Arslan, Jennifer"
2022,Spring,2022-sp,MATH,124,Finite Mathematics,LEC,1,3,5,2,5,0,3,2,1,2,0,0,0,0,24,"Ndlovu, Ondřej"
2023,Spring,2023-sp,MATH,124,Finite Mathematics,DIS,0,2,1,2,1,1,0,0,0,0,0,0,1,0,8,"Gunnarsson, H"
2023,Spring,2023-sp,MATH,124,Finite Mathematics,LEC,1,3,1,1,3,1,0,4,1,0,2,1,2,0,20,"Arslan, Jennifer"
2023,Spring,2023-sp,MATH,124,Finite Mathematics,LEC,3,5,5,2,4,1,5,0,0,0,2,0,0,0,27,"Gunnarsson, Hana"
2023,Spring,2023-sp,MATH,124,Finite Mathematics,LEC,1,3,3,1,1,1,3,1,1,0,0,1,0,0,16,"Ndlovu, Ondřej"
2024,Fall,2024-fa,MATH,124,Finite Mathematics,LEC,2,2,2,10,4,2,3,0,0,0,0,0,0,1,26,"Gunnarsson, Hana"
2024,Spring,2024-sp,MATH,124,Finite Mathematics,DIS,3,0,1,2,1,0,0,0,0,0,0,0,1,0,8,"Ndlovu, O"
2024,Spring,2024-sp,MATH,124,Finite Mathematics,LEC,2,3,4,4,1,9,0,3,2,0,1,0,0,2,31,"Arslan, Jennifer"
2024,Spring,2024-sp,MATH,124,Finite Mathematics,LEC,3,5,4,5,2,2,1,0,0,3,1,0,2,0,28,"Ndlovu, Ondřej"
2025,Fall,2025-fa,MATH,124,Finite Mathematics,DIS,0,1,3,1,1,2,1,0,0,0,0,0,0,0,9,"Ndlovu, O"
2025,Fall,2025-fa,MATH,124,Finite Mathematics,LEC,2,3,4,1,3,2,3,1,2,2,0,0,1,2,26,"Arslan, Jennifer"
2025,Fall,2025-fa,MATH,124,Finite Mathematics,LEC,0,2,3,3,0,1,0,3,1,0,0,0,0,1,14,"Ndlovu, Ondřej"
2025,Spring,2025-sp,MATH,124,Finite Mathematics,LEC,3,2,8,4,9,5,1,0,0,3,0,0,2,2,39,"Arslan, Jennifer"
2025,Spring,2025-sp,MATH,124,Finite Mathematics,LEC,2,1,2,4,4,4,1,0,1,0,0,0,1,2,22,"Ndlovu, Ondřej"
2020,Fall,2020-fa,MATH,125,Elementary Linear Algebra,LCD,9,22,23,22,19,30,9,12,16,6,7,6,0,4,185,"Vantreight, Aiko"
2020,Fall,2020-fa,MATH,125,Elementary Linear Algebra,LEC,1,16,19,22,18,21,8,10,6,0,8,4,8,3,144,"Okonkwo-Reyes, Elizabeth"
2020,Fall,2020-fa,MATH,125,Elementary Linear Algebra,LEC,2,17,21,10,19,7,10,14,11,8,3,13,0,5,140,"Radovanovic, Esperanza"
2020,Spring,2020-sp,MATH,125,Elementary Linear Algebra,LEC,2,10,21,16,30,20,13,15,4,0,8,7,2,2,150,"Radovanovic, Esperanza"
2020,Spring,2020-sp,MATH,125,Elementary Linear Algebra,LEC,10,9,20,29,43,21,20,23,13,11,0,5,4,2,210,"Vantreight, Aiko"
2021,Fall,2021-fa,MATH,125,Elementary Linear Algebra,DIS,3,2,0,1,1,1,3,0,1,1,0,1,3,0,17,"Radovanovic, E"
2021,Fall,2021-fa,MATH,125,Elementary Linear Algebra,LCD,1,5,10,8,7,4,6,3,2,3,0,0,4,1,54,"Vantreight, Aiko"
2021,Fall,2021-fa,MATH,125,Elementary Linear Algebra,LEC,2,11,19,16,33,6,2,32,10,7,0,0,7,5,150,"Okonkwo-Reyes, Elizabeth"
2021,Fall,2021-fa,MATH,125,Elementary Linear Algebra,LEC,6,22,19,35,27,11,15,16,14,7,5,8,9,2,196,"Radovanovic, Esperanza"
2021,Spring,2021-sp,MATH,125,Elementary Linear Algebra,LEC,4,12,8,20,28,25,19,15,9,7,6,8,9,10,180,"Okonkwo-Reyes, Elizabeth"
2022,Fall,2022-fa,MATH,125,Elementary Linear Algebra,DIS,5,6,5,7,13,8,8,9,10,3,1,0,2,3,80,"Vantreight, A"
2022,Fall,2022-fa,MATH,125,Elementary Linear Algebra,LEC,3,27,15,39,61,19,23,18,15,8,11,0,9,3,251,"Vantreight, Aiko"
2022,Spring,2022-sp,MATH,125,Elementary Linear Algebra,DIS,2,2,1,6,7,6,7,1,1,2,9,0,1,1,46,"Radovanovic, E"
2022,Spring,2022-sp,MATH,125,Elementary Linear Algebra,LEC,0,12,25,24,34,15,23,20,14,15,3,19,4,6,214,"Okonkwo-Reyes, Elizabeth"
2022,Spring,2022-sp,MATH,125,Elementary Linear Algebra,LEC,4,9,21,18,35,30,8,12,5,2,2,3,10,5,164,"Radovanovic, Esperanza"
2023,Fall,2023-fa,MATH,125,Elementary Linear Algebra,DIS,1,6,7,10,6,9,7,5,3,2,3,2,4,0,65,"Okonkwo-Reyes, E"
2023,Fall,2023-fa,MATH,125,Elementary Linear Algebra,LEC,2,25,7,18,39,21,17,13,13,9,4,10,8,2,188,"Okonkwo-Reyes, Elizabeth"
2023,Fall,2023-fa,MATH,125,Elementary Linear Algebra,LEC,4,15,18,18,27,18,19,16,5,8,0,1,4,4,157,"Vantreight, Aiko"
2023,Spring,2023-sp,MATH,125,Elementary Linear Algebra,LEC,7,9,12,17,24,13,15,6,11,9,4,7,0,7,141,"Vantreight, Aiko"
2024,Fall,2024-fa,MATH,125,Elementary Linear Algebra,DIS,0,12,5,10,17,9,4,6,0,1,0,0,5,0,69,"Okonkwo-Reyes, E"
2024,Fall,2024-fa,MATH,125,Elementary Linear Algebra,LEC,0,9,27,18,30,17,22,10,12,5,2,5,7,6,170,"Okonkwo-Reyes, Elizabeth"
2024,Spring,2024-sp,MATH,125,Elementary Linear Algebra,DIS,0,0,0,7,11,10,6,2,4,5,0,0,1,1,47,"Westergaard, R"
2024,Spring,2024-sp,MATH,125,Elementary Linear Algebra,LEC,3,11,29,24,32,24,25,25,10,8,0,1,11,3,206,"Vantreight, Aiko"
2025,Fall,2025-fa,MATH,125,Elementary Linear Algebra,DIS,2,0,1,6,6,8,4,4,3,0,1,0,3,2,40,"Okonkwo-Reyes, E"
2025,Fall,2025-fa,MATH,125,Elementary Linear Algebra,LCD,0,22,32,33,38,40,26,27,19,0,13,7,1,8,266,"Vantreight, Aiko"
2025,Fall,2025-fa,MATH,125,Elementary Linear Algebra,LEC,11,20,15,29,32,15,15,23,4,1,0,3,10,3,181,"Okonkwo-Reyes, E"
2020,Spring,2020-sp,MATH,220,Calculus,LEC,0,19,20,10,20,15,7,20,7,3,32,16,21,3,193,"Lonsdale, Wiremu"
2021,Spring,2021-sp,MATH,220,Calculus,LEC,9,31,14,19,33,23,8,23,4,16,19,10,12,3,224,"Lonsdale, Wiremu"
2022,Fall,2022-fa,MATH,220,Calculus,DIS,0,8,2,6,19,7,0,14,7,3,2,1,10,4,83,"Lonsdale, W"
2022,Fall,2022-fa,MATH,220,Calculus,LEC,15,18,20,7,29,23,0,13,14,4,2,0,25,9,179,"Lonsdale, W"
2023,Fall,2023-fa,MATH,220,Calculus,LEC,15,39,26,32,28,14,9,25,22,7,5,4,31,2,259,"Lonsdale, Wiremu"
2023,Spring,2023-sp,MATH,220,Calculus,DIS,7,9,8,2,6,8,4,7,3,5,3,1,5,2,70,"Lonsdale, W"
2023,Spring,2023-sp,MATH,220,Calculus,LEC,1,17,27,6,17,13,11,14,8,10,10,4,22,3,163,"Lonsdale, Wiremu"
2024,Spring,2024-sp,MATH,220,Calculus,LEC,0,11,25,11,20,8,4,13,7,7,11,7,16,2,142,"Lonsdale, Wiremu"
2025,Fall,2025-fa,MATH,220,Calculus,LEC,1,24,12,16,19,23,25,20,0,6,11,1,11,2,171,"Lonsdale, Wiremu"
2025,Spring,2025-sp,MATH,220,Calculus,LEC,15,24,13,14,46,33,18,17,14,0,12,0,19,6,231,"Lonsdale, Wiremu"
2020,Fall,2020-fa,MATH,221,Calculus I,ONL,23,66,22,33,40,38,20,25,3,21,15,0,16,3,325,"Gunnarsson, Hana"
2020,Spring,2020-sp,MATH,221,Calculus I,LCD,13,36,26,10,32,16,18,30,9,3,14,0,2,7,216,"Gunnarsson, Hana"
2021,Fall,2021-fa,MATH,221,Calculus I,LEC,12,28,16,21,22,14,12,15,1,8,5,0,14,7,175,"Gunnarsson, Hana"
2022,Fall,2022-fa,MATH,221,Calculus I,LEC,8,15,13,5,14,2,6,6,5,3,0,3,1,2,83,"Gunnarsson, Hana"
2023,Spring,2023-sp,MATH,221,Calculus I,LEC,17,30,13,37,19,24,13,21,6,17,2,6,0,8,213,"Gunnarsson, H"
2024,Fall,2024-fa,MATH,221,Calculus I,ONL,28,26,28,23,28,13,15,19,0,0,5,14,10,5,214,"Gunnarsson, Hana"
2020,Fall,2020-fa,MATH,225,Introductory Matrix Theory,LEC,5,23,7,5,10,7,11,6,2,0,2,6,6,2,92,"Gunnarsson, Hana"
2020,Fall,2020-fa,MATH,225,Introductory Matrix Theory,LEC,6,12,5,10,9,7,8,8,5,3,6,0,4,2,85,"Macallister, Thandiwe"
2020,Spring,2020-sp,MATH,225,Introductory Matrix Theory,DIS,4,5,3,0,7,1,1,3,0,1,0,3,1,0,29,"Gunnarsson, H"
2020,Spring,2020-sp,MATH,225,Introductory Matrix Theory,LEC,18,24,17,11,14,9,6,1,3,3,0,1,0,5,112,"Gunnarsson, Hana"
2020,Spring,2020-sp,MATH,225,Introductory Matrix Theory,LEC,6,22,14,10,18,8,11,9,10,2,0,0,11,6,127,"Macallister, Thandiwe"
2021,Fall,2021-fa,MATH,225,Introductory Matrix Theory,LEC,13,21,19,10,15,1,12,14,10,4,2,0,3,2,126,"Macallister, Thandiwe"
2021,Fall,2021-fa,MATH,225,Introductory Matrix Theory,ONL,10,26,4,10,28,8,23,19,6,1,8,0,5,3,151,"Gunnarsson, Hana"
2021,Spring,2021-sp,MATH,225,Introductory Matrix Theory,LEC,14,22,8,7,10,9,8,7,4,4,8,2,7,4,114,"Arslan, Jennifer"
2022,Spring,2022-sp,MATH,225,Introductory Matrix Theory,DIS,4,8,7,3,4,3,3,1,0,1,1,0,0,2,37,"Gunnarsson, H"
2022,Spring,2022-sp,MATH,225,Introductory Matrix Theory,LCD,3,17,11,10,14,9,14,4,7,3,4,0,4,5,105,"Arslan, Jennifer"
2022,Spring,2022-sp,MATH,225,Introductory Matrix Theory,LEC,6,10,15,15,11,4,12,5,1,1,6,0,2,0,88,"Gunnarsson, Hana Jr"
2022,Spring,2022-sp,MATH,225,Introductory Matrix Theory,LEC,5,28,11,12,11,6,11,18,2,0,0,0,6,4,114,"Macallister, Thandiwe"
2023,Fall,2023-fa,MATH,225,Introductory Matrix Theory,LCD,9,20,12,13,8,8,15,7,0,12,6,0,3,4,117,"Macallister, T"
2023,Fall,2023-fa,MATH,225,Introductory Matrix Theory,LEC,2,34,13,21,14,5,7,8,2,0,4,3,8,5,126,"Gunnarsson, H"
2023,Spring,2023-sp,MATH,225,Introductory Matrix Theory,DIS,1,6,1,4,4,1,4,1,2,1,0,0,1,1,27,"Larkspur, A"
2023,Spring,2023-sp,MATH,225,Introductory Matrix Theory,LEC,7,29,16,9,21,10,7,6,0,4,11,4,3,5,132,"Arslan, Jennifer"
2024,Fall,2024-fa,MATH,225,Introductory Matrix Theory,ONL,4,15,9,5,14,2,12,4,0,2,0,0,0,4,71,"Arslan, Jennifer"
2024,Spring,2024-sp,MATH,225,Introductory Matrix Theory,LCD,9,21,19,7,19,5,1,10,4,3,3,0,7,0,108,"Gunnarsson, Hana"
2024,Spring,2024-sp,MATH,225,Introductory Matrix Theory,LCD,5,22,5,10,18,5,12,0,0,0,3,3,4,0,87,"Macallister, Thandiwe"
2025,Spring,2025-sp,MATH,225,Introductory Matrix Theory,DIS,3,11,3,2,3,1,8,2,0,0,1,0,2,0,36,"Arslan, J"
2025,Spring,2025-sp,MATH,225,Introductory Matrix Theory,LEC,22,20,16,13,17,8,1,13,0,6,12,0,21,5,154,"Arslan, Jennifer"
2021,Fall,2021-fa,MATH,231,Calculus II,DIS,3,5,8,10,4,9,9,2,2,0,0,0,0,4,56,"Kuroda, R"
2021,Fall,2021-fa,MATH,231,Calculus II,LEC,14,20,10,4,18,2,14,14,8,8,8,0,2,0,122,"Kuroda, Rúnar"
2022,Fall,2022-fa,MATH,231,Calculus II,ONL,17,26,19,23,21,10,15,11,13,0,10,0,0,2,167,"Kuroda, R"
2022,Spring,2022-sp,MATH,231,Calculus II,ONL,15,14,11,26,23,11,20,27,13,8,1,1,13,3,186,"Kuroda, Rúnar"
2023,Spring,2023-sp,MATH,231,Calculus II,LEC,23,32,12,26,39,10,12,1,9,5,15,7,2,5,198,"Kuroda, R"
2024,Spring,2024-sp,MATH,231,Calculus II,LCD,34,25,16,28,31,12,9,21,6,21,3,1,2,4,213,"Kuroda, R"
2025,Fall,2025-fa,MATH,231,Calculus II,LEC,8,17,23,19,8,14,6,5,3,8,0,9,1,7,128,"Kuroda, Rúnar"
2020,Fall,2020-fa,MATH,234,Calculus for Business I,DIS,2,13,6,3,10,5,4,7,2,0,5,2,0,3,62,"Ghosh, W"
2020,Fall,2020-fa,MATH,234,Calculus for Business I,LEC,0,32,27,14,23,10,10,11,2,15,3,2,0,3,152,"Ghosh, Wiremu"
2021,Fall,2021-fa,MATH,234,Calculus for Business I,LCD,11,24,30,39,26,38,26,15,13,8,13,1,11,5,260,"Ghosh, Wiremu"
2022,Spring,2022-sp,MATH,234,Calculus for Business I,DIS,4,8,3,3,10,9,5,3,7,1,0,0,1,1,55,"Ghosh, W"
2022,Spring,2022-sp,MATH,234,Calculus for Business I,LEC,6,32,35,14,39,29,25,25,15,16,4,0,17,7,264,"Ghosh, Wiremu"
2023,Fall,2023-fa,MATH,234,Calculus for Business I,ONL,9,29,15,22,25,10,8,2,5,4,10,0,5,2,146,"Ghosh, Wiremu"
2024,Spring,2024-sp,MATH,234,Calculus for Business I,LEC,4,28,13,13,22,17,1,17,3,11,6,3,3,8,149,"Ghosh, Wiremu"
2025,Fall,2025-fa,MATH,234,Calculus for Business I,LCD,12,23,27,27,25,23,9,15,5,7,0,0,15,10,198,"Ghosh, Wiremu"
2021,Fall,2021-fa,MATH,241,Calculus III,LCD,20,26,15,21,20,19,29,14,18,11,0,7,4,4,208,"Uzoma, Ingrid"
2022,Fall,2022-fa,MATH,241,Calculus III,ONL,9,18,13,28,18,16,8,15,10,7,11,0,9,5,167,"Uzoma, Ingrid"
2023,Fall,2023-fa,MATH,241,Calculus III,LCD,24,39,48,34,40,23,27,3,15,1,5,0,15,9,283,"Uzoma, I"
2023,Spring,2023-sp,MATH,241,Calculus III,LEC,0,34,22,37,39,28,6,13,9,0,1,7,9,7,212,"Uzoma, Ingrid"
2020,Fall,2020-fa,MATH,257,Linear Algebra w Computat Appl,LEC,17,39,36,21,20,4,15,10,11,0,9,5,3,3,193,"Vantreight, Aiko"
2020,Spring,2020-sp,MATH,257,Linear Algebra w Computat Appl,LEC,1,30,26,20,15,11,4,0,3,3,0,5,8,3,129,"Vantreight, Aiko"
2021,Fall,2021-fa,MATH,257,Linear Algebra w Computat Appl,LEC,15,66,52,33,31,21,8,19,4,3,18,7,0,5,282,"Uzoma, Ingrid"
2021,Fall,2021-fa,MATH,257,Linear Algebra w Computat Appl,LEC,18,48,55,42,37,24,13,7,7,0,0,0,6,6,263,"Vantreight, Aiko"
2022,Fall,2022-fa,MATH,257,Linear Algebra w Computat Appl,LEC,20,65,48,19,18,25,11,9,6,0,8,1,2,4,236,"Uzoma, Ingrid"
2022,Spring,2022-sp,MATH,257,Linear Algebra w Computat Appl,DIS,5,9,7,6,3,3,2,1,0,0,0,0,1,1,38,"Westergaard, R"
2022,Spring,2022-sp,MATH,257,Linear Algebra w Computat Appl,LEC,26,49,70,61,40,33,9,5,17,3,24,0,0,14,351,"Vantreight, Aiko"
2023,Fall,2023-fa,MATH,257,Linear Algebra w Computat Appl,DIS,3,13,11,14,3,2,6,3,3,2,2,5,2,1,70,"Vantreight, A"
2023,Fall,2023-fa,MATH,257,Linear Algebra w Computat Appl,LEC,9,30,34,16,18,17,11,5,0,6,10,10,3,4,173,"Uzoma, I"
2023,Fall,2023-fa,MATH,257,Linear Algebra w Computat Appl,LEC,34,78,66,53,39,21,12,23,12,7,8,0,0,18,371,"Vantreight, Aiko"
2023,Spring,2023-sp,MATH,257,Linear Algebra w Computat Appl,LCD,35,102,91,54,28,30,0,15,20,15,0,0,1,12,403,"Uzoma, Ingrid"
2023,Spring,2023-sp,MATH,257,Linear Algebra w Computat Appl,ONL,15,58,62,56,38,9,26,21,9,0,12,3,0,7,316,"Vantreight, Aiko"
2024,Fall,2024-fa,MATH,257,Linear Algebra w Computat Appl,LEC,14,83,44,21,28,36,9,25,9,6,14,0,11,7,307,"Vantreight, A"
2024,Spring,2024-sp,MATH,257,Linear Algebra w Computat Appl,DIS,5,20,18,16,13,9,7,4,4,4,0,0,1,3,104,"Vantreight, A"
2024,Spring,2024-sp,MATH,257,Linear Algebra w Computat Appl,LEC,13,65,42,44,28,13,13,14,10,0,0,0,17,3,262,"Vantreight, Aiko"
2025,Fall,2025-fa,MATH,257,Linear Algebra w Computat Appl,DIS,4,33,15,6,7,3,9,3,0,0,0,0,3,0,83,"Vantreight, A"
2025,Fall,2025-fa,MATH,257,Linear Algebra w Computat Appl,LEC,35,60,57,28,38,10,19,11,4,2,16,0,0,7,287,"Vantreight, Aiko"
2025,Spring,2025-sp,MATH,257,Linear Algebra w Computat Appl,LEC,55,68,41,57,34,17,4,0,15,14,2,0,4,10,321,"Vantreight, Aiko"
2021,Fall,2021-fa,MATH,285,Intro Differential Equations,ONL,11,24,11,5,7,2,2,3,0,1,2,2,0,1,71,"Kuroda, Rúnar"
2021,Spring,2021-sp,MATH,285,Intro Differential Equations,DIS,1,4,0,0,1,0,0,0,1,0,0,0,1,0,8,"Kuroda, R"
2021,Spring,2021-sp,MATH,285,Intro Differential Equations,LEC,5,18,3,4,8,3,4,1,1,3,2,1,1,0,54,"Kuroda, Rúnar"
2022,Spring,2022-sp,MATH,285,Intro Differential Equations,LCD,12,11,8,3,2,4,3,5,0,4,0,1,6,0,59,"Kuroda, Rúnar"
2023,Spring,2023-sp,MATH,285,Intro Differential Equations,DIS,3,9,1,7,0,3,1,3,0,1,1,0,2,1,32,"Kuroda, R"
2023,Spring,2023-sp,MATH,285,Intro Differential Equations,LEC,26,24,15,6,11,4,4,1,2,1,0,0,2,0,96,"Kuroda, Rúnar"
2024,Spring,2024-sp,MATH,285,Intro Differential Equations,LCD,14,22,8,5,12,3,5,5,1,2,0,0,0,1,78,"Kuroda, Rúnar"
2025,Fall,2025-fa,MATH,285,Intro Differential Equations,LEC,10,11,7,4,10,6,3,1,1,0,0,0,0,2,55,"Kuroda, Rúnar"
2022,Fall,2022-fa,MATH,286,Intro to Differential Eq Plus,LCD,8,18,2,8,9,6,3,7,2,2,0,0,3,1,69,"Marchetti, Paloma"
2022,Spring,2022-sp,MATH,286,Intro to Differential Eq Plus,LCD,14,26,9,14,5,7,4,3,4,0,5,1,8,1,101,"Marchetti, Paloma"
2023,Fall,2023-fa,MATH,286,Intro to Differential Eq Plus,LEC,5,6,4,6,8,2,2,8,6,1,1,0,8,4,61,"Marchetti, Paloma"
2023,Spring,2023-sp,MATH,286,Intro to Differential Eq Plus,LEC,11,7,14,3,1,5,6,3,1,1,1,1,1,0,55,"Marchetti, Paloma"
2024,Spring,2024-sp,MATH,286,Intro to Differential Eq Plus,LEC,16,28,9,12,15,6,6,0,3,0,4,0,3,3,105,"Marchetti, Paloma"
2025,Fall,2025-fa,MATH,286,Intro to Differential Eq Plus,LCD,6,13,6,12,7,4,1,2,2,4,7,2,2,1,69,"Marchetti, Paloma"
2020,Fall,2020-fa,MATH,299,Topics in Mathematics,LCD,0,36,15,26,18,29,6,12,5,0,0,5,16,4,172,"Salazar, Daniel"
2021,Fall,2021-fa,MATH,299,Topics in Mathematics,LEC,0,46,38,54,42,35,32,33,25,4,9,0,8,10,336,"Salazar, D"
2022,Spring,2022-sp,MATH,299,Topics in Mathematics,LEC,31,32,59,56,12,53,33,21,29,13,0,0,0,9,348,"Salazar, Daniel"
2020,Fall,2020-fa,MATH,347,Fundamental Mathematics,LCD,1,7,8,2,6,4,1,1,0,0,0,0,4,0,34,"Macallister, Thandiwe"
2021,Spring,2021-sp,MATH,347,Fundamental Mathematics,LEC,6,3,1,6,3,1,3,1,2,0,0,0,0,0,26,"Macallister, T"
2022,Spring,2022-sp,MATH,347,Fundamental Mathematics,LEC,4,7,1,5,2,0,2,2,0,0,1,0,0,1,25,"Macallister, Thandiwe"
2022,Spring,2022-sp,MATH,347,Fundamental Mathematics,LEC,4,7,4,3,1,1,1,1,2,1,0,0,0,2,27,"Villanueva, Christopher"
2023,Spring,2023-sp,MATH,347,Fundamental Mathematics,LEC,5,5,4,5,3,5,3,1,0,2,0,0,0,0,33,"Villanueva, C"
2023,Spring,2023-sp,MATH,347,Fundamental Mathematics,ONL,3,7,7,0,0,3,1,3,3,0,1,0,1,1,30,"Macallister, Thandiwe"
2024,Spring,2024-sp,MATH,347,Fundamental Mathematics,DIS,0,1,0,7,2,0,0,2,0,0,0,0,0,0,12,"Macallister, T"
2024,Spring,2024-sp,MATH,347,Fundamental Mathematics,LEC,1,11,8,3,3,3,2,0,0,0,0,1,0,0,32,"Macallister, Thandiwe"
2024,Spring,2024-sp,MATH,347,Fundamental Mathematics,LEC,5,5,1,3,3,3,1,1,2,4,0,0,0,1,29,"Villanueva, Christopher"
2025,Spring,2025-sp,MATH,347,Fundamental Mathematics,DIS,4,2,0,0,2,1,0,0,0,0,0,0,0,0,9,"Villanueva, C"
2025,Spring,2025-sp,MATH,347,Fundamental Mathematics,LEC,3,6,4,4,2,1,1,1,1,0,0,0,0,1,24,"Villanueva, Christopher"
2020,Fall,2020-fa,MATH,415,Applied Linear Algebra,LEC,0,19,11,13,16,2,4,7,4,0,4,4,3,0,87,"Salazar, Daniel"
2020,Fall,2020-fa,MATH,415,Applied Linear Algebra,ONL,4,7,17,14,13,8,4,12,1,6,0,1,6,4,97,"Lonsdale, Wiremu"
2020,Spring,2020-sp,MATH,415,Applied Linear Algebra,LEC,6,7,6,3,8,2,8,2,1,0,5,1,0,2,51,"Salazar, Daniel"
2021,Fall,2021-fa,MATH,415,Applied Linear Algebra,DIS,2,4,2,2,3,4,4,3,2,1,2,2,0,1,32,"Westergaard, R"
2021,Fall,2021-fa,MATH,415,Applied Linear Algebra,LEC,6,14,10,8,15,4,3,3,3,2,0,0,4,5,77,"Tanaka-Whitfield, Rohan"
2021,Spring,2021-sp,MATH,415,Applied Linear Algebra,LEC,12,11,9,10,7,3,8,7,1,2,0,0,0,4,74,"Salazar, Dan"
2021,Spring,2021-sp,MATH,415,Applied Linear Algebra,ONL,3,13,8,8,12,8,9,7,8,8,1,3,0,1,89,"Lonsdale, Wiremu"
2022,Fall,2022-fa,MATH,415,Applied Linear Algebra,DIS,2,7,5,7,3,2,0,2,3,0,0,1,1,0,33,"Lonsdale, W"
2022,Fall,2022-fa,MATH,415,Applied Linear Algebra,LEC,5,13,6,11,19,3,5,9,0,3,0,0,5,0,79,"Lonsdale, Wiremu"
2022,Fall,2022-fa,MATH,415,Applied Linear Algebra,LEC,4,17,8,9,10,10,12,3,3,3,0,0,5,0,84,"Tanaka-Whitfield, Rohan"
2022,Spring,2022-sp,MATH,415,Applied Linear Algebra,DIS,2,4,5,4,1,1,0,4,0,0,0,0,0,3,24,"Salazar, D"
2022,Spring,2022-sp,MATH,415,Applied Linear Algebra,LCD,1,19,14,12,7,6,4,4,4,1,1,3,0,2,78,"Tanaka-Whitfield, Rohan"
2022,Spring,2022-sp,MATH,415,Applied Linear Algebra,LEC,9,15,17,2,15,8,1,3,0,10,4,1,4,3,92,"Lonsdale, Wiremu"
2022,Spring,2022-sp,MATH,415,Applied Linear Algebra,LEC,6,18,11,16,19,12,4,5,0,0,1,1,0,1,94,"Salazar, Dan"
2023,Spring,2023-sp,MATH,415,Applied Linear Algebra,LEC,6,11,7,12,9,2,14,6,3,12,0,0,0,5,87,"Lonsdale, Wiremu"
2023,Spring,2023-sp,MATH,415,Applied Linear Algebra,LEC,7,17,14,15,11,19,10,3,0,0,6,2,1,0,105,"Tanaka-Whitfield, Rohan"
2024,Fall,2024-fa,MATH,415,Applied Linear Algebra,DIS,0,3,1,4,8,0,2,2,1,2,1,1,0,1,26,"Lonsdale, W"
2024,Fall,2024-fa,MATH,415,Applied Linear Algebra,LEC,2,8,8,6,7,4,4,2,1,0,0,0,0,1,43,"Lonsdale, Wiremu"
2024,Spring,2024-sp,MATH,415,Applied Linear Algebra,LCD,6,11,12,16,9,7,10,1,2,1,1,2,5,3,86,"Tanaka-Whitfield, Rohan"
2025,Fall,2025-fa,MATH,415,Applied Linear Algebra,LCD,2,10,9,10,10,5,7,4,4,3,2,1,6,3,76,"Lonsdale, W"
2025,Fall,2025-fa,MATH,415,Applied Linear Algebra,LEC,5,24,14,14,8,11,3,4,4,4,0,0,0,3,94,"Tanaka-Whitfield, Rohan"
2025,Spring,2025-sp,MATH,415,Applied Linear Algebra,DIS,0,6,1,2,3,0,2,0,0,0,1,1,1,0,17,"Westergaard, R"
2025,Spring,2025-sp,MATH,415,Applied Linear Algebra,LEC,8,16,8,11,15,8,5,4,6,3,5,0,4,10,103,"Tanaka-Whitfield, R"
2020,Fall,2020-fa,MATH,416,Abstract Linear Algebra,ONL,1,8,3,2,3,1,0,4,2,0,0,0,2,1,27,"Radovanovic, Esperanza"
2020,Spring,2020-sp,MATH,416,Abstract Linear Algebra,LEC,6,6,2,2,4,0,4,0,0,0,0,1,1,0,26,"Radovanovic, Esperanza"
2021,Fall,2021-fa,MATH,416,Abstract Linear Algebra,DIS,1,1,3,1,1,0,0,1,0,0,0,0,0,0,8,"Tanaka-Whitfield, R"
2021,Fall,2021-fa,MATH,416,Abstract Linear Algebra,LEC,6,3,3,7,0,0,1,0,2,0,2,0,0,0,24,"Radovanovic, Esperanza"
2021,Fall,2021-fa,MATH,416,Abstract Linear Algebra,LEC,2,9,2,4,5,4,1,2,0,0,0,1,3,0,33,"Tanaka-Whitfield, Rohan"
2021,Spring,2021-sp,MATH,416,Abstract Linear Algebra,DIS,1,0,2,1,1,0,0,0,0,0,1,2,0,0,8,"Larkspur, A"
2021,Spring,2021-sp,MATH,416,Abstract Linear Algebra,LEC,4,4,5,11,2,0,0,0,2,0,0,1,0,0,29,"Radovanovic, Esperanza"
2022,Fall,2022-fa,MATH,416,Abstract Linear Algebra,LEC,1,2,4,2,2,2,0,3,0,0,0,0,2,0,18,"Radovanovic, E"
2022,Fall,2022-fa,MATH,416,Abstract Linear Algebra,LEC,8,4,2,1,2,4,1,2,0,0,2,1,0,0,27,"Tanaka-Whitfield, Rohan"
2022,Spring,2022-sp,MATH,416,Abstract Linear Algebra,DIS,2,0,2,2,1,1,0,1,0,0,0,0,0,1,10,"Marchetti, Paloma"
2022,Spring,2022-sp,MATH,416,Abstract Linear Algebra,LEC,3,1,0,0,5,1,0,2,0,0,0,0,0,0,12,"Marchetti, Paloma"
2022,Spring,2022-sp,MATH,416,Abstract Linear Algebra,LEC,6,12,2,1,2,0,0,2,0,0,2,0,0,0,27,"Radovanovic, Esperanza"
2023,Fall,2023-fa,MATH,416,Abstract Linear Algebra,ONL,5,6,5,2,5,0,1,5,1,0,4,0,1,2,37,"Tanaka-Whitfield, Rohan"
2023,Spring,2023-sp,MATH,416,Abstract Linear Algebra,LEC,2,1,5,5,4,3,1,1,0,0,1,0,2,1,26,"Marchetti, Paloma"
2023,Spring,2023-sp,MATH,416,Abstract Linear Algebra,LEC,2,3,3,1,1,0,1,3,2,1,0,0,1,1,19,"Tanaka-Whitfield, Rohan"
2024,Fall,2024-fa,MATH,416,Abstract Linear Algebra,LEC,4,2,6,1,3,7,0,3,0,2,0,0,1,1,30,"Marchetti, Paloma"
2024,Fall,2024-fa,MATH,416,Abstract Linear Algebra,LEC,0,5,4,3,2,1,0,1,0,0,0,1,0,0,17,"Tanaka-Whitfield, Rohan"
2024,Spring,2024-sp,MATH,416,Abstract Linear Algebra,ONL,3,5,2,1,1,0,0,0,1,0,0,0,0,0,13,"Tanaka-Whitfield, Rohan"
2025,Fall,2025-fa,MATH,416,Abstract Linear Algebra,LCD,3,4,5,1,2,4,0,2,1,0,0,0,1,1,24,"Marchetti, Paloma"
2025,Spring,2025-sp,MATH,416,Abstract Linear Algebra,DIS,1,3,0,0,1,1,1,0,0,0,1,0,0,0,8,"Larkspur, A"
2025,Spring,2025-sp,MATH,416,Abstract Linear Algebra,LEC,3,2,3,0,1,0,0,1,1,0,0,3,2,0,16,"Tanaka-Whitfield, Rohan"
2020,Fall,2020-fa,MATH,441,Differential Equations,DIS,1,3,0,2,2,0,1,2,0,0,0,0,0,0,11,"Ghosh, W"
2020,Fall,2020-fa,MATH,441,Differential Equations,LEC,5,6,4,4,2,3,1,0,4,1,0,0,0,1,31,"Ghosh, Wiremu"
2021,Fall,2021-fa,MATH,441,Differential Equations,LEC,4,14,4,1,3,6,1,2,0,1,5,2,1,1,45,"Ghosh, Wiremu"
2022,Fall,2022-fa,MATH,441,Differential Equations,LCD,4,5,4,2,4,1,4,5,1,1,0,0,1,0,32,"Ghosh, Wiremu"
2022,Spring,2022-sp,MATH,441,Differential Equations,LEC,5,9,10,4,3,3,6,0,2,2,1,0,2,2,49,"Ghosh, W"
2023,Fall,2023-fa,MATH,441,Differential Equations,LEC,3,5,3,2,4,1,5,2,3,0,1,0,0,1,30,"Ghosh, Wiremu"
2024,Fall,2024-fa,MATH,441,Differential Equations,LCD,5,3,3,2,5,2,3,2,1,1,0,0,1,1,29,"Ghosh, W"
2025,Fall,2025-fa,MATH,441,Differential Equations,LCD,3,5,3,0,1,2,3,6,6,0,1,0,1,4,35,"Ghosh, Wiremu"
2020,Fall,2020-fa,MATH,444,Elementary Real Analysis,DIS,1,3,1,1,0,0,0,1,0,1,0,0,0,0,8,"Lonsdale, W"
2020,Fall,2020-fa,MATH,444,Elementary Real Analysis,LEC,1,5,5,3,4,1,2,0,1,0,0,0,2,0,24,"Lonsdale, Wiremu"
2020,Spring,2020-sp,MATH,444,Elementary Real Analysis,ONL,4,6,4,1,0,2,0,0,0,0,0,0,0,2,19,"Lonsdale, W"
2021,Spring,2021-sp,MATH,444,Elementary Real Analysis,LEC,6,8,1,1,1,0,1,1,0,1,0,0,0,0,20,"Lonsdale, Wiremu"
2022,Fall,2022-fa,MATH,444,Elementary Real Analysis,LEC,1,5,1,2,5,3,5,2,0,0,0,2,3,1,30,"Lonsdale, Wiremu"
2022,Spring,2022-sp,MATH,444,Elementary Real Analysis,ONL,6,7,0,1,1,0,1,1,0,0,0,0,0,0,17,"Villanueva, Christopher"
2023,Fall,2023-fa,MATH,444,Elementary Real Analysis,LEC,3,7,0,1,3,0,1,2,0,0,1,0,0,0,18,"Villanueva, Christopher"
2023,Spring,2023-sp,MATH,444,Elementary Real Analysis,DIS,2,3,0,1,1,1,0,1,0,0,0,1,0,0,10,"Villanueva, C"
2023,Spring,2023-sp,MATH,444,Elementary Real Analysis,LCD,3,5,3,2,5,0,0,4,1,0,1,0,0,1,25,"Lonsdale, Wiremu"
2023,Spring,2023-sp,MATH,444,Elementary Real Analysis,LEC,8,5,2,3,0,1,4,2,1,2,0,0,0,1,29,"Villanueva, Christopher"
2024,Fall,2024-fa,MATH,444,Elementary Real Analysis,LCD,4,6,4,2,3,0,0,1,0,1,1,0,0,0,22,"Lonsdale, Wiremu"
2024,Spring,2024-sp,MATH,444,Elementary Real Analysis,DIS,1,1,0,0,2,0,1,1,0,0,1,0,1,1,9,"Villanueva, C"
2024,Spring,2024-sp,MATH,444,Elementary Real Analysis,LEC,6,8,3,1,7,0,2,1,0,0,0,1,0,0,29,"Villanueva, C"
2025,Fall,2025-fa,MATH,444,Elementary Real Analysis,LCD,5,7,5,1,1,1,2,0,0,0,1,0,0,0,23,"Villanueva, Chris"
2025,Fall,2025-fa,MATH,444,Elementary Real Analysis,LEC,1,8,4,1,3,6,0,2,3,0,1,0,1,0,30,"Lonsdale, Wiremu"
2022,Fall,2022-fa,MATH,461,Probability Theory,ONL,2,9,6,7,3,4,3,5,2,0,0,4,1,0,46,"Villanueva, Christopher"
2023,Spring,2023-sp,MATH,461,Probability Theory,LEC,5,4,2,1,8,2,3,2,4,0,1,0,0,0,32,"Villanueva, Christopher"
2024,Spring,2024-sp,MATH,461,Probability Theory,LEC,1,7,1,4,1,2,7,6,0,1,0,2,1,2,35,"Villanueva, Christopher"
2025,Fall,2025-fa,MATH,461,Probability Theory,LEC,1,6,5,2,1,1,1,1,0,0,3,0,0,0,21,"Villanueva, Christopher"
2025,Spring,2025-sp,MATH,461,Probability Theory,ONL,5,5,5,1,9,1,1,3,0,0,1,0,2,1,34,"Villanueva, Christopher"
2020,Fall,2020-fa,PHYS,100,Thinking About Physics,DIS,3,5,3,6,8,2,5,0,1,3,1,0,0,0,37,"Egwu, N"
2020,Fall,2020-fa,PHYS,100,Thinking About Physics,LCD,26,39,11,32,43,32,6,6,1,9,4,1,7,4,221,"von Ahlefeld, Elodie"
2020,Fall,2020-fa,PHYS,100,Thinking About Physics,LEC,31,44,34,26,44,27,27,5,5,7,0,5,0,5,260,"Egwu, Nkechi"
2020,Fall,2020-fa,PHYS,100,Thinking About Physics,LEC,22,19,9,21,29,18,9,7,12,4,1,1,0,5,157,"Farahani, Z"
2021,Fall,2021-fa,PHYS,100,Thinking About Physics,LCD,7,24,16,16,17,20,3,5,5,0,0,0,4,3,120,"von Ahlefeld, Elodie"
2021,Fall,2021-fa,PHYS,100,Thinking About Physics,LEC,17,31,24,23,14,10,11,4,0,21,3,0,0,5,163,"Egwu, Nkechi"
2021,Spring,2021-sp,PHYS,100,Thinking About Physics,DIS,5,15,11,6,13,6,4,0,0,0,0,0,1,1,62,"Tsao, O"
2021,Spring,2021-sp,PHYS,100,Thinking About Physics,LEC,8,23,40,20,42,19,9,4,6,2,2,0,0,10,185,"Farahani, Zoltán"
2022,Fall,2022-fa,PHYS,100,Thinking About Physics,LCD,34,48,18,15,41,20,0,12,0,3,0,0,0,10,201,"Egwu, Nkechi"
2022,Fall,2022-fa,PHYS,100,Thinking About Physics,LCD,23,27,26,22,38,16,4,13,1,3,2,3,0,11,189,"Farahani, Z"
2022,Fall,2022-fa,PHYS,100,Thinking About Physics,LEC,14,43,32,14,58,22,0,9,4,7,0,5,0,6,214,"von Ahlefeld, Elodie"
2022,Spring,2022-sp,PHYS,100,Thinking About Physics,LEC,21,26,34,30,29,17,11,10,5,2,3,0,12,7,207,"Farahani, Zoltán"
2023,Fall,2023-fa,PHYS,100,Thinking About Physics,LEC,11,37,12,20,20,12,6,11,5,0,0,6,0,4,144,"Egwu, Nkechi Jr"
2023,Fall,2023-fa,PHYS,100,Thinking About Physics,LEC,14,32,29,12,28,16,24,8,9,0,8,0,6,6,192,"von Ahlefeld, Elodie"
2023,Spring,2023-sp,PHYS,100,Thinking About Physics,LEC,13,47,22,17,18,24,10,0,0,2,5,2,9,1,170,"Farahani, Zoltán"
2024,Fall,2024-fa,PHYS,100,Thinking About Physics,DIS,4,5,7,4,4,4,2,1,0,1,1,0,0,2,35,"Yamaguchi, U"
2024,Fall,2024-fa,PHYS,100,Thinking About Physics,LEC,19,43,42,39,51,33,11,12,13,2,0,1,0,8,274,"Farahani, Zoltán"
2024,Spring,2024-sp,PHYS,100,Thinking About Physics,LEC,17,45,30,34,40,24,8,11,3,1,4,0,8,6,231,"von Ahlefeld, Elodie"
2024,Spring,2024-sp,PHYS,100,Thinking About Physics,ONL,24,28,24,21,29,25,5,10,0,2,1,0,2,3,174,"Egwu, Nkechi"
2025,Fall,2025-fa,PHYS,100,Thinking About Physics,DIS,3,5,2,6,13,3,1,2,1,0,0,1,0,0,37,"von Ahlefeld, E"
2025,Fall,2025-fa,PHYS,100,Thinking About Physics,LEC,23,36,24,18,40,5,7,17,8,3,3,0,0,7,191,
2025,Fall,2025-fa,PHYS,100,Thinking About Physics,LEC,14,31,31,19,23,16,14,6,14,3,0,7,0,5,183,"Farahani, Zoltán"
2025,Fall,2025-fa,PHYS,100,Thinking About Physics,LEC,40,19,22,31,41,2,11,2,1,0,7,0,1,6,183,"Staff"
2025,Fall,2025-fa,PHYS,100,Thinking About Physics,LEC,25,34,27,14,21,20,17,20,13,14,0,6,4,5,220,"von Ahlefeld, Elodie"
2020,Spring,2020-sp,PHYS,101,College Physics: Mech & Heat,LEC,33,20,15,8,6,9,19,6,5,2,12,4,8,5,152,"di Stefano, Fumiko"
2021,Fall,2021-fa,PHYS,101,College Physics: Mech & Heat,LEC,31,24,18,19,15,12,19,11,1,5,15,7,1,10,188,"di Stefano, F"
2021,Spring,2021-sp,PHYS,101,College Physics: Mech & Heat,LEC,12,14,11,3,2,6,17,13,8,12,1,4,0,3,106,"di Stefano, Fumiko"
2022,Fall,2022-fa,PHYS,101,College Physics: Mech & Heat,DIS,13,9,1,1,5,6,5,5,1,3,0,4,1,0,54,"di Stefano, F"
2022,Fall,2022-fa,PHYS,101,College Physics: Mech & Heat,LEC,37,23,13,24,24,12,23,7,4,5,17,0,5,2,196,"di Stefano, Fumiko"
2023,Fall,2023-fa,PHYS,101,College Physics: Mech & Heat,LEC,40,40,44,25,8,18,33,16,16,0,0,0,2,8,250,"Eberhardt, Ibrahim"
2023,Spring,2023-sp,PHYS,101,College Physics: Mech & Heat,LEC,21,17,10,10,6,15,2,12,6,3,1,19,3,6,131,"di Stefano, Fumiko"
2024,Fall,2024-fa,PHYS,101,College Physics: Mech & Heat,LCD,28,20,8,15,10,14,22,12,10,6,6,5,0,9,165,"Eberhardt, Ibrahim"
2024,Fall,2024-fa,PHYS,101,College Physics: Mech & Heat,LCD,23,19,20,9,10,11,5,7,14,9,7,6,1,5,146,"di Stefano, F"
2025,Fall,2025-fa,PHYS,101,College Physics: Mech & Heat,LEC,54,32,21,2,18,10,29,7,8,14,16,10,0,4,225,"Eberhardt, Ibrahim"
2025,Fall,2025-fa,PHYS,101,College Physics: Mech & Heat,LEC,37,28,12,7,22,12,30,7,7,0,12,17,6,3,200,"di Stefano, Fumiko Jr"
2020,Fall,2020-fa,PHYS,102,College Physics: E&M & Modern,LCD,18,30,17,18,26,22,16,29,10,3,3,7,3,3,205,"Egwu, Nkechi"
2020,Spring,2020-sp,PHYS,102,College Physics: E&M & Modern,LCD,5,11,11,8,13,14,6,16,13,1,2,0,4,3,107,"Egwu, Nkechi"
2020,Spring,2020-sp,PHYS,102,College Physics: E&M & Modern,LEC,24,14,19,8,10,4,9,11,7,0,3,7,0,1,117,"di Stefano, Fumiko"
2021,Fall,2021-fa,PHYS,102,College Physics: E&M & Modern,LEC,39,15,5,7,8,12,15,10,3,6,2,0,0,3,125,"Hollingsworth, Thomas"
2021,Fall,2021-fa,PHYS,102,College Physics: E&M & Modern,LEC,22,23,9,11,16,12,2,9,14,1,8,3,0,1,131,"di Stefano, Fumiko"
2021,Spring,2021-sp,PHYS,102,College Physics: E&M & Modern,LCD,12,23,14,16,22,16,14,20,16,2,11,0,0,5,171,"Egwu, N"
2021,Spring,2021-sp,PHYS,102,College Physics: E&M & Modern,LCD,16,16,17,12,13,6,15,12,4,0,4,1,0,5,121,"Hollingsworth, Thomas"
2022,Fall,2022-fa,PHYS,102,College Physics: E&M & Modern,DIS,6,7,1,5,8,12,4,4,6,0,0,1,3,3,60,"Egwu, N"
2022,Fall,2022-fa,PHYS,102,College Physics: E&M & Modern,DIS,4,1,1,1,1,1,2,2,0,0,0,0,0,0,13,"Hollingsworth, Thomas"
2022,Fall,2022-fa,PHYS,102,College Physics: E&M & Modern,LEC,15,21,20,6,16,21,15,11,2,11,5,0,1,5,149,"Egwu, Nkechi"
2022,Fall,2022-fa,PHYS,102,College Physics: E&M & Modern,LEC,18,10,13,9,5,7,7,5,11,0,2,4,5,2,98,"Hollingsworth, Thomas"
2022,Fall,2022-fa,PHYS,102,College Physics: E&M & Modern,LEC,31,24,13,22,12,26,23,7,31,12,2,0,1,3,207,"di Stefano, Fumiko"
2022,Spring,2022-sp,PHYS,102,College Physics: E&M & Modern,LCD,18,29,12,8,10,6,10,17,4,1,0,0,0,5,120,"di Stefano, Fumiko"
2022,Spring,2022-sp,PHYS,102,College Physics: E&M & Modern,LEC,13,8,13,8,12,17,14,9,3,7,8,0,0,2,114,"Hollingsworth, Thomas"
2023,Fall,2023-fa,PHYS,102,College Physics: E&M & Modern,LEC,0,19,9,17,14,13,12,10,7,2,13,9,5,6,136,"Egwu, Nkechi"
2023,Spring,2023-sp,PHYS,102,College Physics: E&M & Modern,LEC,5,19,11,25,14,10,5,12,7,7,0,5,6,3,129,"Egwu, Nkechi"
2023,Spring,2023-sp,PHYS,102,College Physics: E&M & Modern,LEC,22,12,10,15,20,12,14,17,7,4,0,0,3,1,137,"Hollingsworth, Thomas"
2023,Spring,2023-sp,PHYS,102,College Physics: E&M & Modern,LEC,30,38,19,9,25,19,10,7,2,0,0,4,0,7,170,"di Stefano, Fumiko"
2024,Fall,2024-fa,PHYS,102,College Physics: E&M & Modern,DIS,2,3,8,5,3,1,2,5,3,0,1,1,1,2,37,"di Stefano, F"
2024,Fall,2024-fa,PHYS,102,College Physics: E&M & Modern,LCD,5,24,7,10,14,10,8,14,3,0,0,7,2,0,104,"Egwu, Nkechi"
2024,Fall,2024-fa,PHYS,102,College Physics: E&M & Modern,LEC,17,33,32,8,19,15,14,1,14,4,0,3,0,5,165,"di Stefano, Fumiko"
2024,Spring,2024-sp,PHYS,102,College Physics: E&M & Modern,DIS,6,1,6,2,0,4,5,4,1,0,1,2,0,0,32,"di Stefano, F"
2024,Spring,2024-sp,PHYS,102,College Physics: E&M & Modern,LEC,16,17,18,15,15,9,15,12,13,21,2,13,4,7,177,"di Stefano, Fumiko"
2025,Fall,2025-fa,PHYS,102,College Physics: E&M & Modern,DIS,10,7,5,4,5,3,9,5,2,2,0,4,1,0,57,"di Stefano, F"
2025,Fall,2025-fa,PHYS,102,College Physics: E&M & Modern,LEC,21,12,10,22,24,21,7,19,9,3,12,5,1,5,171,"di Stefano, F"
2025,Spring,2025-sp,PHYS,102,College Physics: E&M & Modern,LEC,20,11,4,21,12,16,9,3,10,0,0,9,1,7,123,"di Stefano, Fumiko"
2020,Spring,2020-sp,PHYS,123,Physics Made Easy,LEC,52,40,13,5,13,3,0,0,0,3,0,0,0,3,132,"Dimitriou, Gwendolyn"
2021,Fall,2021-fa,PHYS,123,Physics Made Easy,LEC,15,18,6,8,0,0,1,0,0,0,3,1,0,2,54,"Dimitriou, Gwendolyn"
2021,Spring,2021-sp,PHYS,123,Physics Made Easy,LEC,33,23,11,4,3,0,0,1,0,6,1,3,4,5,94,"Dimitriou, Gwendolyn"
2022,Spring,2022-sp,PHYS,123,Physics Made Easy,LCD,39,31,11,7,12,1,1,4,2,2,0,0,0,5,115,"Dimitriou, Gwendolyn"
2023,Spring,2023-sp,PHYS,123,Physics Made Easy,LEC,48,25,25,8,0,0,4,1,0,0,4,0,0,2,117,"Dimitriou, Gwendolyn"
2020,Fall,2020-fa,PHYS,140,How Things Work,DIS,7,8,2,5,2,4,3,5,2,1,2,0,0,1,42,"Yamaguchi, U"
2020,Fall,2020-fa,PHYS,140,How Things Work,LEC,22,22,27,13,32,12,14,24,27,0,10,0,0,7,210,"di Stefano, Fumiko"
2020,Spring,2020-sp,PHYS,140,How Things Work,LEC,22,18,13,11,11,4,1,1,0,5,0,1,1,9,97,"di Stefano, Fumiko"
2021,Fall,2021-fa,PHYS,140,How Things Work,DIS,23,9,21,12,9,6,9,8,1,1,1,0,0,3,103,"Tsao, O"
2021,Fall,2021-fa,PHYS,140,How Things Work,LEC,54,36,15,9,37,22,29,22,0,0,0,0,0,4,228,"Shirazi, Liesbeth"
2021,Spring,2021-sp,PHYS,140,How Things Work,LCD,47,20,15,27,12,14,8,1,2,0,0,0,0,6,152,"Shirazi, Liesbeth"
2021,Spring,2021-sp,PHYS,140,How Things Work,ONL,29,30,10,18,13,8,10,4,8,0,0,4,3,6,143,"di Stefano, Fumiko"
2022,Fall,2022-fa,PHYS,140,How Things Work,LEC,36,21,19,51,18,9,20,24,0,0,12,1,0,7,218,"Thackeray, Camille"
2022,Spring,2022-sp,PHYS,140,How Things Work,DIS,16,20,6,15,24,9,5,4,0,4,0,0,1,3,107,"di Stefano, F"
2022,Spring,2022-sp,PHYS,140,How Things Work,LCD,24,14,10,13,15,5,14,4,13,5,3,7,0,2,129,"Thackeray, Camille"
2022,Spring,2022-sp,PHYS,140,How Things Work,LEC,38,7,18,25,20,11,10,12,3,3,5,0,0,4,156,"Shirazi, Liesbeth"
2022,Spring,2022-sp,PHYS,140,How Things Work,LEC,38,22,17,16,29,22,17,4,5,2,6,9,0,2,189,"di-Stefano, Fumiko"
2023,Fall,2023-fa,PHYS,140,How Things Work,DIS,6,4,1,1,0,1,1,0,0,0,0,0,0,0,14,"Thackeray, C"
2023,Fall,2023-fa,PHYS,140,How Things Work,LEC,38,39,9,22,28,9,21,10,9,12,7,0,6,5,215,"Thackeray, Camille"
2023,Spring,2023-sp,PHYS,140,How Things Work,LCD,42,28,17,17,17,22,27,35,2,25,0,0,0,5,237,"Shirazi, Liesbeth"
2023,Spring,2023-sp,PHYS,140,How Things Work,ONL,24,12,12,10,9,13,11,8,4,10,7,9,0,3,132,"di Stefano, Fumiko"
2024,Fall,2024-fa,PHYS,140,How Things Work,LEC,23,28,21,27,14,7,14,15,11,0,24,1,1,4,190,"Shirazi, Liesbeth"
2024,Spring,2024-sp,PHYS,140,How Things Work,LEC,44,32,22,22,31,10,2,19,10,0,2,0,0,6,200,"Thackeray, Camille"
2024,Spring,2024-sp,PHYS,140,How Things Work,ONL,23,27,10,21,21,13,9,13,21,5,9,0,0,9,181,"di Stefano, F"
2025,Fall,2025-fa,PHYS,140,How Things Work,ONL,49,22,18,29,26,23,11,12,8,4,4,0,0,4,210,"Shirazi, Liesbeth"
2025,Spring,2025-sp,PHYS,140,How Things Work,LEC,17,9,11,7,9,4,9,1,6,7,0,0,1,1,82,"Shirazi, L"
2025,Spring,2025-sp,PHYS,140,How Things Work,LEC,38,26,31,26,15,2,11,18,6,0,0,2,0,4,179,"di Stefano, Fumiko"
2025,Spring,2025-sp,PHYS,140,How Things Work,ONL,42,15,21,25,17,19,10,11,8,5,7,1,0,8,189,"Thackeray, Camille"
2020,Fall,2020-fa,PHYS,211,University Physics: Mechanics,LEC,38,45,26,25,12,25,13,12,0,9,0,17,0,5,227,"Castellanos-Berg, Joseph"
2020,Fall,2020-fa,PHYS,211,University Physics: Mechanics,LEC,33,49,25,14,35,20,15,13,4,9,7,6,11,11,252,"Sahinoglu, Oriol"
2020,Spring,2020-sp,PHYS,211,University Physics: Mechanics,DIS,12,14,3,4,7,7,12,4,7,3,0,2,5,3,83,"Tsao, O"
2020,Spring,2020-sp,PHYS,211,University Physics: Mechanics,LEC,37,37,50,26,25,25,14,4,30,26,4,8,12,19,317,"Şahinoğlu, Oriol"
2021,Fall,2021-fa,PHYS,211,University Physics: Mechanics,DIS,10,22,14,10,5,12,12,2,7,0,5,3,0,5,107,"Şahinoğlu, O"
2021,Fall,2021-fa,PHYS,211,University Physics: Mechanics,LEC,30,36,27,36,25,18,19,15,16,0,8,3,1,7,241,"Şahinoğlu, Oriol"
2021,Spring,2021-sp,PHYS,211,University Physics: Mechanics,LEC,44,44,10,17,12,10,35,16,21,7,11,5,11,8,251,"Castellanos-Berg, J"
2022,Fall,2022-fa,PHYS,211,University Physics: Mechanics,LEC,55,49,52,26,19,69,32,0,19,0,0,30,0,11,362,"Şahinoğlu, Oriol"
2022,Spring,2022-sp,PHYS,211,University Physics: Mechanics,LEC,68,39,35,28,15,26,16,24,18,34,0,11,6,11,331,"Castellanos-Berg, Joseph"
2022,Spring,2022-sp,PHYS,211,University Physics: Mechanics,LEC,27,50,31,33,36,32,18,31,22,10,3,8,0,5,306,"Şahinoğlu, Oriol"
2023,Fall,2023-fa,PHYS,211,University Physics: Mechanics,LCD,56,42,49,34,36,13,16,13,13,1,10,44,35,13,375,"Şahinoğlu, Oriol"
2023,Fall,2023-fa,PHYS,211,University Physics: Mechanics,LEC,54,34,20,22,26,28,17,26,5,9,15,1,9,11,277,"Castellanos-Berg, Joe"
2023,Spring,2023-sp,PHYS,211,University Physics: Mechanics,LEC,48,35,46,25,10,11,9,9,8,12,0,0,0,4,217,"Eberhardt, Ibrahim"
2024,Fall,2024-fa,PHYS,211,University Physics: Mechanics,LCD,66,39,11,11,19,20,33,13,0,0,11,5,16,8,252,"Eberhardt, Ibrahim"
2024,Fall,2024-fa,PHYS,211,University Physics: Mechanics,LEC,50,37,38,35,31,29,23,34,0,29,14,2,33,13,368,"Castellanos-Berg, Joseph"
2024,Fall,2024-fa,PHYS,211,University Physics: Mechanics,LEC,16,26,23,32,23,19,33,18,9,0,0,5,0,9,213,"Şahinoğlu, Oriol"
2024,Spring,2024-sp,PHYS,211,University Physics: Mechanics,LCD,40,55,33,39,5,22,11,30,14,5,10,10,21,11,306,"Şahinoğlu, Oriol"
2024,Spring,2024-sp,PHYS,211,University Physics: Mechanics,LEC,56,51,30,24,25,27,23,18,10,7,28,11,0,5,315,"Eberhardt, Ibrahim Jr"
2025,Fall,2025-fa,PHYS,211,University Physics: Mechanics,LEC,34,32,19,24,24,12,14,17,10,12,0,7,10,9,224,"Eberhardt, I"
2020,Fall,2020-fa,PHYS,212,University Physics: Elec & Mag,LCD,41,56,57,29,66,31,15,18,48,34,5,0,0,9,409,"Dimitriou, G"
2020,Spring,2020-sp,PHYS,212,University Physics: Elec & Mag,LCD,44,50,25,16,21,25,26,18,18,3,5,18,0,10,279,"Dimitriou, Gwendolyn"
2021,Fall,2021-fa,PHYS,212,University Physics: Elec & Mag,DIS,16,21,8,0,11,9,11,5,12,0,6,7,1,3,110,"Dimitriou, G"
2021,Fall,2021-fa,PHYS,212,University Physics: Elec & Mag,LEC,38,31,30,28,14,19,26,24,24,1,0,12,0,4,251,"Dimitriou, Gwendolyn"
2021,Fall,2021-fa,PHYS,212,University Physics: Elec & Mag,LEC,84,46,24,40,31,25,24,23,11,30,23,6,0,18,385,"Venkataraghavan, Farida"
2021,Spring,2021-sp,PHYS,212,University Physics: Elec & Mag,LCD,53,44,34,25,35,39,28,30,49,17,20,13,0,13,400,"Venkataraghavan, Farida"
2022,Fall,2022-fa,PHYS,212,University Physics: Elec & Mag,LEC,76,41,10,21,33,44,51,35,35,6,0,8,0,14,374,"Venkataraghavan, Farida"
2022,Spring,2022-sp,PHYS,212,University Physics: Elec & Mag,LEC,13,25,41,19,12,12,15,8,14,11,4,17,0,4,195,"Dimitriou, Gwendolyn"
2023,Fall,2023-fa,PHYS,212,University Physics: Elec & Mag,LEC,24,20,24,13,12,15,24,24,4,0,0,0,0,6,166,"Dimitriou, G"
2023,Fall,2023-fa,PHYS,212,University Physics: Elec & Mag,LEC,78,15,23,19,39,26,38,21,10,15,8,6,8,7,313,"Venkataraghavan, Farida"
2023,Spring,2023-sp,PHYS,212,University Physics: Elec & Mag,DIS,8,14,4,5,5,4,5,6,8,0,3,8,1,3,74,"Tsao, O"
2023,Spring,2023-sp,PHYS,212,University Physics: Elec & Mag,LEC,53,39,44,8,12,31,26,23,21,0,14,22,10,7,310,"Dimitriou, Gwendolyn Jr"
2024,Fall,2024-fa,PHYS,212,University Physics: Elec & Mag,LEC,34,9,27,33,19,46,15,0,3,4,19,1,0,7,217,"Venkataraghavan, Farida"
2024,Spring,2024-sp,PHYS,212,University Physics: Elec & Mag,DIS,13,9,6,9,5,3,9,1,2,0,8,1,1,3,70,"Venkataraghavan, F"
2024,Spring,2024-sp,PHYS,212,University Physics: Elec & Mag,LEC,68,41,29,19,36,28,52,25,0,34,35,8,0,12,387,"Venkataraghavan, Farida"
2020,Fall,2020-fa,PHYS,213,Univ Physics: Thermal Physics,LCD,16,22,35,23,13,13,21,22,16,5,0,1,1,11,199,"Farahani, Z"
2021,Fall,2021-fa,PHYS,213,Univ Physics: Thermal Physics,DIS,10,11,5,2,0,5,2,5,2,1,0,0,3,1,47,"Farahani, Z"
2021,Fall,2021-fa,PHYS,213,Univ Physics: Thermal Physics,LEC,32,41,21,31,15,23,39,39,18,4,6,0,9,13,291,"Farahani, Zoltán"
2021,Spring,2021-sp,PHYS,213,Univ Physics: Thermal Physics,DIS,5,13,3,2,2,3,1,5,5,2,1,1,2,0,45,"Farahani, Z"
2021,Spring,2021-sp,PHYS,213,Univ Physics: Thermal Physics,LEC,16,28,29,36,34,32,17,14,13,9,7,10,0,7,252,"Farahani, Zoltán"
2022,Spring,2022-sp,PHYS,213,Univ Physics: Thermal Physics,LEC,13,35,7,12,10,14,8,8,11,13,4,4,2,4,145,"Farahani, Zoltán"
2023,Spring,2023-sp,PHYS,213,Univ Physics: Thermal Physics,LEC,19,38,29,32,9,15,21,23,14,2,11,2,11,4,230,"Farahani, Zoltán"
2024,Fall,2024-fa,PHYS,213,Univ Physics: Thermal Physics,LEC,16,55,52,37,29,27,12,33,5,7,0,7,10,6,296,"Farahani, Zoltán"
2024,Spring,2024-sp,PHYS,213,Univ Physics: Thermal Physics,LEC,13,35,22,19,30,26,39,36,1,19,4,6,4,9,263,"Farahani, Zoltán"
2025,Spring,2025-sp,PHYS,213,Univ Physics: Thermal Physics,LEC,21,30,30,14,17,18,14,15,10,10,0,0,5,5,189,"Farahani, Zoltán"
2020,Spring,2020-sp,PHYS,214,Univ Physics: Quantum Physics,DIS,3,8,7,2,2,6,8,2,1,9,0,5,0,1,54,"Tsao, O"
2020,Spring,2020-sp,PHYS,214,Univ Physics: Quantum Physics,LEC,30,40,30,30,24,33,8,25,3,9,4,4,6,8,254,"Dimitriou, Gwendolyn"
2021,Spring,2021-sp,PHYS,214,Univ Physics: Quantum Physics,LEC,24,32,26,10,25,17,10,29,22,9,1,14,8,4,231,"Dimitriou, Gwendolyn"
2022,Fall,2022-fa,PHYS,214,Univ Physics: Quantum Physics,LEC,32,31,22,38,27,27,10,17,3,14,29,1,8,8,267,"Dimitriou, G"
2022,Spring,2022-sp,PHYS,214,Univ Physics: Quantum Physics,LCD,28,17,18,32,26,14,14,17,6,0,0,0,0,2,174,"Dimitriou, Gwendolyn"
2023,Spring,2023-sp,PHYS,214,Univ Physics: Quantum Physics,LEC,25,12,17,16,19,16,11,31,15,14,0,6,4,10,196,"Dimitriou, Gwendolyn"
2020,Spring,2020-sp,PHYS,225,Relativity & Math Applications,DIS,2,0,1,2,0,1,0,1,0,1,0,0,0,1,9,"Yamaguchi, U"
2020,Spring,2020-sp,PHYS,225,Relativity & Math Applications,LEC,20,18,14,13,8,14,6,2,6,6,0,6,11,0,124,"Şahinoğlu, Oriol"
2021,Fall,2021-fa,PHYS,225,Relativity & Math Applications,LCD,15,12,9,11,1,3,5,2,2,2,0,0,2,3,67,"Hollingsworth, Thomas"
2021,Fall,2021-fa,PHYS,225,Relativity & Math Applications,LCD,10,10,17,13,16,8,11,2,8,5,0,0,2,2,104,"Şahinoğlu, Oriol"
2021,Fall,2021-fa,PHYS,225,Relativity & Math Applications,LEC,21,30,13,8,22,18,1,9,13,0,8,7,4,2,156,"Venkataraghavan, Farida"
2021,Spring,2021-sp,PHYS,225,Relativity & Math Applications,DIS,7,4,0,3,2,2,4,3,0,0,2,0,0,0,27,"Venkataraghavan, F"
2021,Spring,2021-sp,PHYS,225,Relativity & Math Applications,LEC,47,28,30,8,23,18,2,8,0,8,4,0,0,3,179,"Hollingsworth, Thomas"
2021,Spring,2021-sp,PHYS,225,Relativity & Math Applications,LEC,17,5,15,6,5,5,3,6,0,0,2,0,0,1,65,"Venkataraghavan, Farida"
2021,Spring,2021-sp,PHYS,225,Relativity & Math Applications,LEC,17,15,19,17,13,25,3,8,9,5,10,0,0,4,145,"Şahinoğlu, Oriol"
2022,Spring,2022-sp,PHYS,225,Relativity & Math Applications,LCD,11,13,16,14,21,15,11,1,5,8,3,0,13,8,139,"Şahinoğlu, Oriol"
2022,Spring,2022-sp,PHYS,225,Relativity & Math Applications,LEC,22,11,17,5,10,1,11,4,5,5,0,0,0,1,92,"Hollingsworth, Thomas"
2022,Spring,2022-sp,PHYS,225,Relativity & Math Applications,LEC,18,24,7,25,6,16,3,2,2,3,6,4,4,5,125,"Venkataraghavan, Farida"
2023,Fall,2023-fa,PHYS,225,Relativity & Math Applications,DIS,2,6,7,5,11,5,0,2,3,1,1,1,0,1,45,"Şahinoğlu, O"
2023,Fall,2023-fa,PHYS,225,Relativity & Math Applications,LCD,31,19,11,10,10,7,6,7,0,12,11,1,7,7,139,"Hollingsworth, Thomas"
2023,Fall,2023-fa,PHYS,225,Relativity & Math Applications,LEC,19,19,10,16,7,4,6,4,3,3,0,0,2,0,93,"Venkataraghavan, Farida"
2023,Fall,2023-fa,PHYS,225,Relativity & Math Applications,LEC,11,12,14,11,18,18,7,12,6,0,0,0,4,6,119,"Şahinoğlu, Oriol"
2023,Spring,2023-sp,PHYS,225,Relativity & Math Applications,LEC,10,27,17,25,14,8,21,5,2,9,0,0,5,7,150,"Şahinoğlu, Oriol Jr"
2024,Fall,2024-fa,PHYS,225,Relativity & Math Applications,LEC,22,21,19,27,24,13,8,13,10,0,4,0,4,7,172,"Şahinoğlu, Oriol"
2024,Spring,2024-sp,PHYS,225,Relativity & Math Applications,DIS,6,3,7,6,7,6,3,1,3,3,0,0,5,1,51,"Tsao, O"
2024,Spring,2024-sp,PHYS,225,Relativity & Math Applications,LEC,34,44,21,17,12,10,14,0,0,0,6,0,1,1,160,"Venkataraghavan, Farida"
2022,Fall,2022-fa,PHYS,280,Nuclear Weapons & Arms Control,LCD,21,17,12,4,3,3,3,4,1,0,0,0,0,0,68,"Thackeray, Camille"
2023,Fall,2023-fa,PHYS,280,Nuclear Weapons & Arms Control,ONL,15,12,14,8,7,1,1,0,0,0,3,0,0,4,65,"Thackeray, Camille"
2023,Spring,2023-sp,PHYS,280,Nuclear Weapons & Arms Control,DIS,5,6,2,1,2,1,0,2,0,0,0,0,0,0,19,"Yamaguchi, U"
2023,Spring,2023-sp,PHYS,280,Nuclear Weapons & Arms Control,LEC,19,15,12,10,2,1,2,2,0,2,2,0,2,3,72,"Thackeray, Camille"
2024,Fall,2024-fa,PHYS,280,Nuclear Weapons & Arms Control,LEC,21,15,12,5,8,0,5,5,0,0,0,0,0,1,72,"Thackeray, Camille"
2024,Spring,2024-sp,PHYS,280,Nuclear Weapons & Arms Control,DIS,3,2,2,2,1,0,2,2,0,0,0,1,0,2,17,"Tsao, O"
2024,Spring,2024-sp,PHYS,280,Nuclear Weapons & Arms Control,LEC,25,9,6,3,3,1,1,0,1,3,0,0,0,0,52,"Thackeray, Camille"
2025,Spring,2025-sp,PHYS,280,Nuclear Weapons & Arms Control,DIS,5,4,1,3,1,1,0,0,0,0,0,0,0,0,15,"Thackeray, C"
2025,Spring,2025-sp,PHYS,280,Nuclear Weapons & Arms Control,LEC,27,16,5,4,3,2,0,1,1,0,0,1,0,2,62,"Thackeray, Camille"
2020,Fall,2020-fa,PHYS,325,Classical Mechanics I,LEC,19,14,18,18,11,13,8,5,4,3,7,5,9,7,141,"Egwu, Nkechi"
2020,Fall,2020-fa,PHYS,325,Classical Mechanics I,ONL,10,21,14,8,13,10,11,8,4,3,0,5,0,2,109,"von Ahlefeld, Elodie"
2021,Fall,2021-fa,PHYS,325,Classical Mechanics I,LEC,12,18,9,10,15,5,6,5,1,4,3,5,8,5,106,"Egwu, Nkechi"
2021,Spring,2021-sp,PHYS,325,Classical Mechanics I,LEC,4,10,6,12,6,7,4,2,3,3,2,0,3,2,64,"von Ahlefeld, Elodie"
2022,Spring,2022-sp,PHYS,325,Classical Mechanics I,DIS,4,5,5,1,5,3,1,0,0,1,0,0,0,1,26,"Egwu, N"
2022,Spring,2022-sp,PHYS,325,Classical Mechanics I,DIS,7,6,5,2,3,4,0,2,1,1,1,1,0,1,34,"von Ahlefeld, E"
2022,Spring,2022-sp,PHYS,325,Classical Mechanics I,LEC,19,12,11,13,8,8,2,9,0,7,6,0,2,3,100,"Egwu, Nkechi"
2022,Spring,2022-sp,PHYS,325,Classical Mechanics I,LEC,13,21,8,16,6,11,6,1,6,3,0,2,0,2,95,"von Ahlefeld, E"
2023,Fall,2023-fa,PHYS,325,Classical Mechanics I,ONL,9,20,14,9,18,17,8,2,2,2,8,4,1,2,116,"Egwu, Nkechi"
2023,Spring,2023-sp,PHYS,325,Classical Mechanics I,DIS,8,1,4,2,4,2,6,2,1,0,0,0,4,1,35,"Egwu, N"
2023,Spring,2023-sp,PHYS,325,Classical Mechanics I,DIS,4,5,6,3,0,9,0,2,0,2,0,0,0,3,34,"von Ahlefeld, E"
2023,Spring,2023-sp,PHYS,325,Classical Mechanics I,LEC,14,22,18,19,8,19,5,7,5,1,8,1,4,5,136,"Egwu, Nkechi"
2023,Spring,2023-sp,PHYS,325,Classical Mechanics I,LEC,10,18,23,8,12,8,6,9,5,5,0,5,8,3,120,"von Ahlefeld, Elodie"
2024,Fall,2024-fa,PHYS,325,Classical Mechanics I,LEC,13,16,9,12,14,4,4,1,0,2,6,4,0,2,87,"Egwu, Nkechi"
2024,Spring,2024-sp,PHYS,325,Classical Mechanics I,LEC,19,20,16,10,19,13,3,4,2,1,0,0,7,2,116,"von Ahlefeld, Elodie"
2025,Spring,2025-sp,PHYS,325,Classical Mechanics I,DIS,1,3,3,3,2,1,2,2,2,0,0,0,0,3,22,"Yamaguchi, U"
2025,Spring,2025-sp,PHYS,325,Classical Mechanics I,LEC,7,11,6,4,11,16,4,9,1,4,3,1,0,4,81,"von Ahlefeld, Elodie"
2020,Fall,2020-fa,PHYS,326,Classical Mechanics II,LEC,4,10,6,6,5,3,8,0,2,2,0,0,0,3,49,"Castellanos Berg, Joseph"
2020,Fall,2020-fa,PHYS,326,Classical Mechanics II,LEC,10,6,9,6,4,0,5,1,0,4,0,6,2,1,54,"Mahlangu, Emeka"
2020,Spring,2020-sp,PHYS,326,Classical Mechanics II,DIS,5,3,2,1,1,0,0,2,0,1,1,1,0,1,18,"Castellanos-Berg, J"
2020,Spring,2020-sp,PHYS,326,Classical Mechanics II,LEC,1,7,11,5,9,2,7,4,5,0,0,4,0,0,55,"Castellanos-Berg, Joseph"
2021,Fall,2021-fa,PHYS,326,Classical Mechanics II,DIS,1,4,1,1,0,3,0,1,0,0,0,0,0,0,11,"Mahlangu, E"
2021,Fall,2021-fa,PHYS,326,Classical Mechanics II,LCD,4,8,8,6,7,6,4,1,0,1,5,0,3,0,53,"Castellanos-Berg, Joseph"
2021,Fall,2021-fa,PHYS,326,Classical Mechanics II,LEC,6,6,6,10,3,4,1,3,0,2,0,6,2,1,50,"Mahlangu, Emeka"
2022,Fall,2022-fa,PHYS,326,Classical Mechanics II,DIS,1,1,3,0,0,0,1,1,0,0,1,0,1,1,10,"Yamaguchi, U"
2022,Fall,2022-fa,PHYS,326,Classical Mechanics II,LCD,4,11,7,4,7,2,8,5,2,0,3,0,0,2,55,"Mahlangu, E"
2022,Fall,2022-fa,PHYS,326,Classical Mechanics II,LEC,6,3,3,6,0,4,1,2,1,0,0,1,0,1,28,"Castellanos-Berg, Joseph"
2022,Spring,2022-sp,PHYS,326,Classical Mechanics II,LCD,2,1,7,4,5,6,6,6,1,1,0,1,1,0,41,"Castellanos-Berg, Joseph"
2023,Fall,2023-fa,PHYS,326,Classical Mechanics II,LEC,7,12,12,6,6,4,5,0,0,0,6,0,0,2,60,"Castellanos-Berg, Joseph"
2023,Fall,2023-fa,PHYS,326,Classical Mechanics II,LEC,4,11,9,5,7,6,1,6,2,5,1,3,0,0,60,"Mahlangu, Emeka"
2024,Fall,2024-fa,PHYS,326,Classical Mechanics II,LEC,2,4,7,4,2,2,4,0,0,5,5,1,0,0,36,"Mahlangu, Emeka"
2024,Spring,2024-sp,PHYS,326,Classical Mechanics II,LEC,4,9,7,4,2,2,1,5,0,0,3,1,0,2,40,"Castellanos-Berg, Joseph"
2024,Spring,2024-sp,PHYS,326,Classical Mechanics II,LEC,6,10,16,4,6,2,2,1,2,4,5,2,0,1,61,"Mahlangu, Emeka"
2025,Spring,2025-sp,PHYS,326,Classical Mechanics II,DIS,4,2,3,2,0,5,0,0,0,0,2,0,0,0,18,"Mahlangu, E"
2025,Spring,2025-sp,PHYS,326,Classical Mechanics II,LEC,2,7,7,4,5,1,4,2,2,2,3,0,0,1,40,"Mahlangu, Emeka"
2020,Fall,2020-fa,PHYS,401,Classical Physics Lab,LEC,1,10,10,3,2,3,0,0,0,0,0,1,0,0,30,"Şahinoğlu, Oriol"
2020,Spring,2020-sp,PHYS,401,Classical Physics Lab,LEC,2,10,6,5,1,3,3,2,2,0,0,0,0,1,35,"Farahani, Zoltán"
2021,Spring,2021-sp,PHYS,401,Classical Physics Lab,LEC,4,6,8,5,2,0,0,1,1,0,0,0,1,0,28,"Farahani, Zoltán"
2021,Spring,2021-sp,PHYS,401,Classical Physics Lab,LEC,0,10,6,5,5,1,3,2,0,1,0,0,1,0,34,"Şahinoğlu, Oriol"
2022,Fall,2022-fa,PHYS,401,Classical Physics Lab,LEC,0,6,7,9,2,1,3,0,1,2,0,1,3,0,35,"Farahani, Zoltán"
2022,Spring,2022-sp,PHYS,401,Classical Physics Lab,LCD,1,4,4,5,5,1,0,1,0,1,0,2,3,0,27,"Farahani, Zoltán"
2022,Spring,2022-sp,PHYS,401,Classical Physics Lab,LEC,5,7,9,3,4,8,0,2,2,0,0,0,7,2,49,"Şahinoğlu, Oriol"
2023,Fall,2023-fa,PHYS,401,Classical Physics Lab,LEC,3,7,4,6,3,3,3,0,0,0,1,0,1,0,31,"Farahani, Zoltán"
2023,Fall,2023-fa,PHYS,401,Classical Physics Lab,LEC,1,1,7,3,2,1,1,2,0,0,0,0,0,1,19,"Şahinoğlu, O"
2023,Spring,2023-sp,PHYS,401,Classical Physics Lab,DIS,0,2,4,1,0,1,0,0,0,0,0,0,0,0,8,"Mkhize, S"
2023,Spring,2023-sp,PHYS,401,Classical Physics Lab,LEC,0,4,5,2,4,1,0,0,3,2,0,2,2,3,28,"Mkhize, S"
2024,Fall,2024-fa,PHYS,401,Classical Physics Lab,LCD,0,5,8,11,5,2,0,0,5,3,0,0,0,3,42,"Şahinoğlu, Oriol"
2024,Fall,2024-fa,PHYS,401,Classical Physics Lab,LEC,1,9,10,4,4,2,1,0,0,2,1,1,0,0,35,"Farahani, Zoltán"
2024,Spring,2024-sp,PHYS,401,Classical Physics Lab,ONL,5,2,1,4,1,6,3,0,0,0,4,0,5,0,31,"Mkhize, S"
2025,Fall,2025-fa,PHYS,401,Classical Physics Lab,LEC,3,7,7,5,4,0,0,0,0,0,0,0,4,1,31,"Farahani, Zoltán"
2025,Fall,2025-fa,PHYS,401,Classical Physics Lab,LEC,3,4,4,8,4,3,0,0,0,0,0,0,2,3,31,"Mkhize, Samuel"
2025,Spring,2025-sp,PHYS,401,Classical Physics Lab,LEC,3,6,10,9,1,3,2,0,0,1,0,1,3,2,41,"Farahani, Zoltán"
2025,Spring,2025-sp,PHYS,401,Classical Physics Lab,LEC,0,5,12,1,6,4,0,0,2,0,0,0,1,2,33,"Mkhize, Samuel"
2023,Fall,2023-fa,PHYS,427,Thermal & Statistical Physics,DIS,2,2,1,1,2,1,2,1,4,1,0,1,1,1,20,"Mkhize, S"
2023,Fall,2023-fa,PHYS,427,Thermal & Statistical Physics,LEC,0,8,4,11,9,11,7,3,1,0,2,0,0,1,57,"Mkhize, Samuel"
2024,Fall,2024-fa,PHYS,427,Thermal & Statistical Physics,ONL,1,8,10,11,11,7,8,3,0,2,1,2,0,0,64,"Mkhize, Samuel"
2025,Spring,2025-sp,PHYS,427,Thermal & Statistical Physics,ONL,3,11,5,12,5,4,0,7,0,1,1,0,0,0,49,"Mkhize, Sam"
2021,Spring,2021-sp,PHYS,435,Electromagnetic Fields I,LEC,24,12,7,12,7,12,3,6,0,3,2,0,1,1,90,"Shirazi, L"
2022,Fall,2022-fa,PHYS,435,Electromagnetic Fields I,LCD,20,9,10,8,11,8,4,8,1,0,10,0,0,1,90,"Shirazi, L"
2023,Spring,2023-sp,PHYS,435,Electromagnetic Fields I,DIS,2,2,2,0,0,0,1,0,0,0,1,0,0,1,9,"Shirazi, L"
2023,Spring,2023-sp,PHYS,435,Electromagnetic Fields I,LEC,11,3,9,0,3,0,1,3,2,0,3,0,0,2,37,"Shirazi, Liesbeth"
2024,Spring,2024-sp,PHYS,435,Electromagnetic Fields I,DIS,6,1,0,3,6,3,3,3,0,1,0,2,0,0,28,"Shirazi, L"
2024,Spring,2024-sp,PHYS,435,Electromagnetic Fields I,LEC,20,7,13,5,10,0,2,5,4,3,0,0,0,1,70,"Shirazi, Liesbeth"
2025,Fall,2025-fa,PHYS,435,Electromagnetic Fields I,LEC,17,7,9,8,9,4,1,12,4,3,5,0,0,4,83,"Shirazi, Liesbeth"
2025,Spring,2025-sp,PHYS,435,Electromagnetic Fields I,LEC,12,15,9,16,9,7,5,4,0,0,2,1,0,2,82,"Shirazi, Liesbeth"
2020,Fall,2020-fa,PHYS,436,Electromagnetic Fields II,LEC,2,8,4,7,2,1,3,3,0,1,2,1,0,0,34,"Mahlangu, E"
2021,Spring,2021-sp,PHYS,436,Electromagnetic Fields II,LEC,6,10,9,2,3,5,1,1,2,2,1,0,0,1,43,"Mahlangu, Emeka"
2022,Fall,2022-fa,PHYS,436,Electromagnetic Fields II,LCD,7,7,3,3,5,4,7,1,1,0,0,0,0,0,38,"Thackeray, Camille"
2022,Spring,2022-sp,PHYS,436,Electromagnetic Fields II,LEC,6,12,6,5,6,1,0,0,0,0,0,0,0,1,37,"Mahlangu, Emeka"
2022,Spring,2022-sp,PHYS,436,Electromagnetic Fields II,LEC,7,9,3,4,8,2,2,6,3,0,1,1,0,1,47,"Thackeray, Camille"
2023,Fall,2023-fa,PHYS,436,Electromagnetic Fields II,DIS,1,5,3,4,1,2,1,1,1,2,0,0,1,0,22,"Tsao, O"
2023,Fall,2023-fa,PHYS,436,Electromagnetic Fields II,LEC,3,5,13,6,3,6,1,1,5,6,0,0,0,1,50,"Mkhize, Samuel"
2023,Fall,2023-fa,PHYS,436,Electromagnetic Fields II,LEC,14,10,5,4,6,5,0,0,1,0,0,0,0,0,45,"Thackeray, Camille"
2023,Spring,2023-sp,PHYS,436,Electromagnetic Fields II,DIS,1,5,3,1,1,1,0,3,0,0,0,0,0,1,16,"Mahlangu, E"
2023,Spring,2023-sp,PHYS,436,Electromagnetic Fields II,LEC,4,8,2,5,13,4,3,0,0,1,1,0,0,2,43,"Mahlangu, Emeka"
2023,Spring,2023-sp,PHYS,436,Electromagnetic Fields II,LEC,13,10,6,7,9,2,6,3,0,0,5,0,1,0,62,"Thackeray, Camille"
2024,Fall,2024-fa,PHYS,436,Electromagnetic Fields II,LCD,6,16,7,6,4,1,2,1,0,0,0,0,1,0,44,"Mahlangu, Emeka"
2024,Fall,2024-fa,PHYS,436,Electromagnetic Fields II,LCD,1,8,14,4,8,4,1,0,3,0,1,0,5,1,50,"Mkhize, Samuel"
2024,Fall,2024-fa,PHYS,436,Electromagnetic Fields II,LEC,9,3,9,7,6,4,3,0,0,0,1,0,0,3,45,"Thackeray, Camille"
2024,Spring,2024-sp,PHYS,436,Electromagnetic Fields II,LCD,6,9,11,8,3,2,3,4,0,0,2,1,0,2,51,"Mahlangu, Emeka"
2024,Spring,2024-sp,PHYS,436,Electromagnetic Fields II,ONL,5,17,5,5,2,4,2,6,0,2,0,2,0,0,50,"Thackeray, Camille"
2025,Fall,2025-fa,PHYS,436,Electromagnetic Fields II,LEC,0,0,5,4,4,2,0,0,0,2,1,0,0,1,19,"Mkhize, Samuel"
2025,Spring,2025-sp,PHYS,436,Electromagnetic Fields II,DIS,8,4,2,3,1,1,1,0,0,0,1,1,0,1,23,"Yamaguchi, U"
2025,Spring,2025-sp,PHYS,436,Electromagnetic Fields II,LEC,8,10,3,3,9,2,0,2,2,0,0,0,0,2,41,"Mahlangu, E"
2025,Spring,2025-sp,PHYS,436,Electromagnetic Fields II,LEC,6,16,12,8,4,2,6,2,0,0,2,2,0,3,63,"Mkhize, S"
2025,Spring,2025-sp,PHYS,436,Electromagnetic Fields II,LEC,10,6,2,6,4,1,0,1,0,0,4,0,0,3,37,"Thackeray, C"
2020,Fall,2020-fa,PHYS,486,Quantum Physics I,LEC,5,12,9,18,11,4,9,8,5,4,0,3,6,2,96,"Mahlangu, Emeka"
2021,Fall,2021-fa,PHYS,486,Quantum Physics I,DIS,3,3,2,4,5,1,2,0,0,1,4,0,2,1,28,"Shirazi, L"
2021,Fall,2021-fa,PHYS,486,Quantum Physics I,LEC,19,5,7,6,14,1,3,2,3,2,4,2,2,0,70,"Shirazi, Liesbeth"
2021,Fall,2021-fa,PHYS,486,Quantum Physics I,ONL,11,10,7,2,9,2,6,7,4,2,1,0,1,2,64,"Varga, A"
2021,Spring,2021-sp,PHYS,486,Quantum Physics I,LCD,14,9,9,6,12,7,2,2,4,5,1,1,0,1,73,"Shirazi, Liesbeth"
2021,Spring,2021-sp,PHYS,486,Quantum Physics I,LEC,14,18,15,8,11,2,3,6,5,0,1,0,2,3,88,"Mahlangu, Emeka"
2021,Spring,2021-sp,PHYS,486,Quantum Physics I,LEC,11,4,5,6,5,0,1,5,2,0,0,5,0,1,45,"Varga, Andrew"
2022,Fall,2022-fa,PHYS,486,Quantum Physics I,DIS,5,5,1,1,3,2,1,1,1,0,0,0,1,1,22,"Shirazi, L"
2022,Fall,2022-fa,PHYS,486,Quantum Physics I,DIS,2,1,2,0,1,0,0,0,1,1,0,0,0,1,9,"Varga, A"
2022,Fall,2022-fa,PHYS,486,Quantum Physics I,LEC,5,6,11,4,11,6,0,2,1,1,1,0,5,1,54,"Mahlangu, Emeka"
2022,Fall,2022-fa,PHYS,486,Quantum Physics I,LEC,7,7,2,3,7,0,1,5,1,3,0,0,2,3,41,"Shirazi, Liesbeth"
2022,Fall,2022-fa,PHYS,486,Quantum Physics I,LEC,5,7,1,3,0,1,1,3,0,0,1,0,3,0,25,"Varga, Andrew"
2023,Fall,2023-fa,PHYS,486,Quantum Physics I,LCD,18,13,11,5,4,9,3,7,0,4,3,10,0,0,87,"Varga, Andrew"
2023,Fall,2023-fa,PHYS,486,Quantum Physics I,LEC,11,7,1,1,6,5,5,3,3,3,0,4,3,1,53,"Shirazi, Liesbeth"
2023,Spring,2023-sp,PHYS,486,Quantum Physics I,LEC,9,9,5,0,11,3,5,3,4,3,0,0,0,1,53,"Mahlangu, Emeka"
2023,Spring,2023-sp,PHYS,486,Quantum Physics I,LEC,34,13,16,15,13,5,0,5,0,4,1,0,0,2,108,"Shirazi, Liesbeth"
2023,Spring,2023-sp,PHYS,486,Quantum Physics I,LEC,11,12,9,4,2,9,2,4,3,2,4,2,1,1,66,"Varga, Andrew"
2024,Fall,2024-fa,PHYS,486,Quantum Physics I,LEC,10,7,3,7,5,4,4,2,0,0,0,0,1,0,43,"Mahlangu, Emeka"
2024,Spring,2024-sp,PHYS,486,Quantum Physics I,ONL,18,9,11,4,6,7,4,11,6,0,0,2,0,2,80,"Shirazi, Liesbeth"
2025,Fall,2025-fa,PHYS,486,Quantum Physics I,DIS,1,4,2,1,1,0,0,0,0,0,0,0,0,1,10,"Mahlangu, E"
2025,Fall,2025-fa,PHYS,486,Quantum Physics I,LEC,10,22,7,13,11,9,2,1,5,3,6,0,1,4,94,"Mahlangu, Emeka"
2025,Fall,2025-fa,PHYS,486,Quantum Physics I,ONL,21,19,10,15,9,4,14,6,3,3,0,5,4,1,114,"Shirazi, L"
2021,Spring,2021-sp,PHYS,487,Quantum Physics II,LEC,9,5,9,2,4,2,1,3,0,1,0,0,0,0,36,"Whitcombe, Halvard"
2022,Spring,2022-sp,PHYS,487,Quantum Physics II,LEC,6,6,8,4,12,8,2,2,2,0,3,1,0,4,58,"Whitcombe, Halvard"
2023,Fall,2023-fa,PHYS,487,Quantum Physics II,LEC,4,0,3,1,2,1,2,0,2,0,0,2,0,0,17,"Whitcombe, H"
2024,Spring,2024-sp,PHYS,487,Quantum Physics II,LEC,8,5,6,3,2,3,2,5,0,0,0,1,0,1,36,"Whitcombe, Halvard"
2025,Fall,2025-fa,PHYS,487,Quantum Physics II,LCD,5,9,2,2,5,5,2,1,0,1,0,0,0,4,36,"Whitcombe, Halvard"
2025,Spring,2025-sp,PHYS,487,Quantum Physics II,LEC,5,11,7,5,4,1,4,0,0,2,1,4,0,1,45,"Whitcombe, Halvard"
2021,Fall,2021-fa,PHYS,580,Quantum Mechanics I,DIS,1,1,1,2,1,1,0,1,0,0,0,0,0,1,9,"Whitcombe, H"
2021,Fall,2021-fa,PHYS,580,Quantum Mechanics I,LEC,3,2,2,4,3,1,0,0,0,0,0,0,2,0,17,"Whitcombe, H"
2021,Fall,2021-fa,PHYS,580,Quantum Mechanics I,ONL,7,10,2,6,1,1,0,0,0,0,0,1,1,1,30,"Varga, A"
2021,Spring,2021-sp,PHYS,580,Quantum Mechanics I,LEC,9,9,2,8,3,1,2,0,1,0,0,1,0,1,37,"Varga, Andrew"
2022,Fall,2022-fa,PHYS,580,Quantum Mechanics I,LEC,12,10,4,6,7,8,0,0,3,0,0,0,0,0,50,"Whitcombe, Halvard"
2022,Spring,2022-sp,PHYS,580,Quantum Mechanics I,DIS,2,1,0,2,2,0,0,0,0,1,0,0,0,0,8,"Varga, A"
2022,Spring,2022-sp,PHYS,580,Quantum Mechanics I,LEC,14,10,7,0,3,1,0,0,0,0,0,0,0,0,35,"Varga, Andrew"
2023,Fall,2023-fa,PHYS,580,Quantum Mechanics I,DIS,4,3,3,0,0,1,1,0,1,0,0,0,0,0,13,"Varga, A"
2023,Fall,2023-fa,PHYS,580,Quantum Mechanics I,LEC,12,14,6,7,4,0,0,2,3,3,0,0,0,2,53,"Eberhardt, Ibrahim"
2023,Fall,2023-fa,PHYS,580,Quantum Mechanics I,LEC,10,10,7,3,2,0,0,0,2,0,0,3,1,1,39,"Varga, Andrew"
2023,Fall,2023-fa,PHYS,580,Quantum Mechanics I,LEC,4,12,4,10,5,0,2,0,2,0,0,0,0,2,41,"Whitcombe, Halvard"
2023,Spring,2023-sp,PHYS,580,Quantum Mechanics I,ONL,6,13,3,3,4,0,2,1,1,1,0,4,0,2,40,"Whitcombe, Halvard"
2024,Fall,2024-fa,PHYS,580,Quantum Mechanics I,LEC,16,9,4,10,6,4,0,0,0,3,4,0,0,1,57,"Whitcombe, H"
2024,Spring,2024-sp,PHYS,580,Quantum Mechanics I,LEC,4,4,1,3,1,1,1,0,0,1,0,1,0,0,17,"Eberhardt, Ibrahim"
2024,Spring,2024-sp,PHYS,580,Quantum Mechanics I,LEC,17,7,8,4,4,2,0,0,0,0,0,0,0,0,42,"Whitcombe, Halvard"
2025,Fall,2025-fa,PHYS,580,Quantum Mechanics I,LEC,3,5,2,2,4,2,0,0,0,0,0,0,0,0,18,"Whitcombe, Halvard"
2025,Spring,2025-sp,PHYS,580,Quantum Mechanics I,ONL,18,11,6,3,2,2,0,0,0,2,0,0,1,1,46,"Eberhardt, Ibrahim"
2020,Fall,2020-fa,STAT,100,Statistics,LEC,52,40,17,14,15,16,2,0,5,4,0,6,4,3,178,"Quintanilla, Rohan"
2020,Spring,2020-sp,STAT,100,Statistics,LEC,36,82,34,24,28,8,0,11,2,0,3,0,4,11,243,"Haldane, Bolanle"
2020,Spring,2020-sp,STAT,100,Statistics,LEC,107,73,34,21,26,17,18,9,5,13,19,0,5,7,354,"Quintanilla, Rohan"
2021,Fall,2021-fa,STAT,100,Statistics,LCD,78,47,26,17,10,16,12,4,0,6,17,0,0,7,240,"Quintanilla, Rohan"
2021,Fall,2021-fa,STAT,100,Statistics,LEC,22,52,19,10,12,12,2,0,2,0,0,6,0,3,140,"Haldane, Bolanle"
2021,Fall,2021-fa,STAT,100,Statistics,ONL,27,71,56,20,28,17,4,17,0,0,7,2,0,7,256,"Grimaldi, G"
2021,Spring,2021-sp,STAT,100,Statistics,DIS,13,24,12,15,6,4,4,1,2,0,1,6,7,0,95,"Haldane, B"
2021,Spring,2021-sp,STAT,100,Statistics,LEC,31,71,38,33,31,29,17,0,0,13,3,6,0,8,280,"Grimaldi, Geoffrey"
2021,Spring,2021-sp,STAT,100,Statistics,LEC,54,92,34,26,15,7,4,5,0,0,0,12,0,10,259,"Haldane, Bolanle"
2021,Spring,2021-sp,STAT,100,Statistics,LEC,110,61,51,50,18,18,15,3,12,0,0,3,12,10,363,"Quintanilla, R"
2022,Fall,2022-fa,STAT,100,Statistics,LEC,29,41,20,19,12,11,4,10,1,12,0,3,4,11,177,"Haldane, Bolanle"
2022,Fall,2022-fa,STAT,100,Statistics,LEC,57,44,24,11,10,19,3,7,7,9,3,7,10,7,218,"Quintanilla, Rohan"
2022,Spring,2022-sp,STAT,100,Statistics,DIS,25,30,12,12,14,3,1,2,0,0,0,0,3,1,103,"Matsuda, P"
2022,Spring,2022-sp,STAT,100,Statistics,LEC,40,73,33,25,23,31,0,21,16,0,0,3,16,14,295,"Grimaldi, Geoff"
2022,Spring,2022-sp,STAT,100,Statistics,LEC,34,58,28,12,24,6,7,0,3,0,1,0,6,7,186,"Haldane, Bolanle"
2023,Fall,2023-fa,STAT,100,Statistics,LCD,35,96,50,46,40,13,0,7,0,12,15,12,0,11,337,"Grimaldi, Geoffrey"
2023,Spring,2023-sp,STAT,100,Statistics,LEC,85,61,24,32,16,17,10,0,0,11,2,0,0,5,263,"Quintanilla, Rohan"
2024,Fall,2024-fa,STAT,100,Statistics,LEC,85,65,19,28,33,17,6,14,20,0,0,5,0,4,296,"Quintanilla, Rohan"
2025,Fall,2025-fa,STAT,100,Statistics,LEC,15,34,22,15,11,5,8,2,9,0,0,0,2,2,125,
2025,Fall,2025-fa,STAT,100,Statistics,LEC,38,56,37,15,29,22,7,8,6,0,3,18,2,2,243,"Staff"
2020,Spring,2020-sp,STAT,107,Data Science Discovery,LCD,146,131,19,7,17,11,18,0,5,11,0,16,19,14,414,"Jankowski, Elif"
2021,Fall,2021-fa,STAT,107,Data Science Discovery,ONL,75,59,20,8,19,0,0,3,3,0,3,4,1,5,200,"Jankowski, Elif"
2022,Spring,2022-sp,STAT,107,Data Science Discovery,LEC,82,57,20,24,11,1,10,10,5,7,9,7,0,9,252,"Jankowski, Elif"
2023,Fall,2023-fa,STAT,107,Data Science Discovery,ONL,166,125,25,33,26,9,7,0,0,5,4,0,0,11,411,"Jankowski, Elif"
2024,Spring,2024-sp,STAT,107,Data Science Discovery,LCD,128,93,37,9,25,0,18,4,3,7,0,4,11,5,344,"Jankowski, Elif"
2025,Spring,2025-sp,STAT,107,Data Science Discovery,LEC,99,66,16,7,13,5,0,0,7,2,0,10,5,2,232,"Jankowski, Elif"
2020,Fall,2020-fa,STAT,200,Statistical Analysis,LCD,15,11,6,3,4,1,0,0,2,3,3,2,0,3,53,"Quintanilla, R"
2021,Spring,2021-sp,STAT,200,Statistical Analysis,DIS,1,2,2,1,0,1,0,0,0,0,1,0,0,1,9,"Quintanilla, R"
2021,Spring,2021-sp,STAT,200,Statistical Analysis,LEC,17,16,3,2,4,3,0,5,0,0,0,1,2,2,55,"Quintanilla, Rohan"
2022,Spring,2022-sp,STAT,200,Statistical Analysis,LEC,13,10,5,3,7,4,0,0,0,0,0,1,0,3,46,"Quintanilla, Rohan"
2023,Fall,2023-fa,STAT,200,Statistical Analysis,LEC,16,7,0,1,2,0,1,2,0,0,0,2,0,0,31,"Quintanilla, Rohan"
2024,Fall,2024-fa,STAT,200,Statistical Analysis,LEC,9,8,6,5,3,0,0,1,0,1,0,1,0,0,34,"Quintanilla, Rohan"
2024,Spring,2024-sp,STAT,200,Statistical Analysis,ONL,8,4,3,1,2,0,0,2,0,0,2,1,0,1,24,"Quintanilla, Rohan"
2020,Spring,2020-sp,STAT,207,Data Science Exploration,LCD,33,31,8,19,13,0,0,8,0,2,0,0,0,2,116,"Tremblay, Eitan"
2020,Spring,2020-sp,STAT,207,Data Science Exploration,LEC,30,25,16,10,3,0,1,3,2,7,0,2,7,3,109,"Danforth, Liesbeth"
2021,Fall,2021-fa,STAT,207,Data Science Exploration,LEC,52,30,17,7,8,0,0,0,1,0,0,1,0,3,119,"van der Berg, Bolanle"
2021,Spring,2021-sp,STAT,207,Data Science Exploration,LEC,57,41,21,8,5,2,0,4,0,0,0,0,0,3,141,"Danforth, Liesbeth"
2021,Spring,2021-sp,STAT,207,Data Science Exploration,LEC,21,37,15,11,3,0,0,3,0,0,8,2,3,2,105,"Tremblay, E"
2022,Fall,2022-fa,STAT,207,Data Science Exploration,LCD,58,40,12,11,9,13,11,6,4,1,1,0,0,4,170,"van der Berg, Bolanle"
2022,Fall,2022-fa,STAT,207,Data Science Exploration,LEC,27,37,17,12,8,11,0,5,0,1,0,0,2,3,123,"Tremblay, Eitan"
2022,Spring,2022-sp,STAT,207,Data Science Exploration,LEC,43,33,27,9,2,9,0,1,6,0,0,3,2,3,138,"Danforth, Liesbeth"
2022,Spring,2022-sp,STAT,207,Data Science Exploration,LEC,31,27,13,18,10,7,6,13,4,0,0,0,0,3,132,"Tremblay, E"
2023,Fall,2023-fa,STAT,207,Data Science Exploration,LEC,68,35,14,10,4,5,7,1,2,5,5,0,0,1,157,"Danforth, Liesbeth"
2023,Fall,2023-fa,STAT,207,Data Science Exploration,LEC,31,26,18,15,8,9,0,2,1,1,0,1,1,2,115,"van der Berg, Bolanle"
2023,Spring,2023-sp,STAT,207,Data Science Exploration,DIS,4,8,2,4,5,2,1,0,0,0,0,0,1,3,30,"Tremblay, E"
2023,Spring,2023-sp,STAT,207,Data Science Exploration,LEC,63,19,11,10,2,0,0,0,0,0,3,0,3,6,117,"Danforth, Liesbeth"
2023,Spring,2023-sp,STAT,207,Data Science Exploration,LEC,35,28,22,11,2,5,13,0,1,2,0,0,0,4,123,"Tremblay, Eitan"
2024,Fall,2024-fa,STAT,207,Data Science Exploration,DIS,14,12,8,0,1,1,0,3,0,0,0,0,0,2,41,"van der Berg, B"
2024,Fall,2024-fa,STAT,207,Data Science Exploration,LEC,37,57,13,5,7,6,2,1,0,2,10,3,0,7,150,"Tremblay, E"
2024,Fall,2024-fa,STAT,207,Data Science Exploration,LEC,41,26,17,7,5,3,7,3,0,0,3,2,0,4,118,"van der Berg, Bolanle"
2024,Fall,2024-fa,STAT,207,Data Science Exploration,ONL,38,20,22,8,3,0,4,0,0,0,1,4,3,3,106,"Danforth, Liesbeth"
2024,Spring,2024-sp,STAT,207,Data Science Exploration,LCD,25,39,20,6,11,7,1,1,0,3,1,0,0,5,119,"Tremblay, Eitan"
2024,Spring,2024-sp,STAT,207,Data Science Exploration,LEC,44,39,18,5,5,2,0,3,0,0,3,0,2,8,129,"Danforth, Liesbeth"
2024,Spring,2024-sp,STAT,207,Data Science Exploration,LEC,46,29,5,11,13,0,0,3,6,0,0,2,2,5,122,"van der Berg, Bolanle"
2025,Fall,2025-fa,STAT,207,Data Science Exploration,DIS,17,9,7,2,3,5,0,0,3,0,0,2,0,0,48,"Danforth, L"
2025,Fall,2025-fa,STAT,207,Data Science Exploration,DIS,9,9,3,3,3,0,1,1,0,0,0,0,0,1,30,"van der Berg, B"
2025,Fall,2025-fa,STAT,207,Data Science Exploration,LEC,25,16,15,8,3,1,1,4,1,0,0,0,0,3,77,"Danforth, Liesbeth"
2025,Fall,2025-fa,STAT,207,Data Science Exploration,LEC,49,37,16,19,7,3,8,1,0,0,0,0,0,5,145,"van der Berg, Bolanle"
2020,Spring,2020-sp,STAT,212,Biostatistics,DIS,4,10,13,2,4,0,2,2,1,0,0,3,0,2,43,"de la Cruz, N"
2020,Spring,2020-sp,STAT,212,Biostatistics,LEC,57,49,24,11,11,2,2,9,0,3,0,0,0,5,173,"O'Halloran, Alexander"
2020,Spring,2020-sp,STAT,212,Biostatistics,LEC,13,30,16,20,10,5,2,4,0,7,0,0,1,5,113,"de la Cruz, Naledi"
2021,Fall,2021-fa,STAT,212,Biostatistics,LCD,45,47,23,20,6,15,18,0,0,0,6,2,0,3,185,"O'Halloran, Alexander"
2021,Fall,2021-fa,STAT,212,Biostatistics,LEC,18,43,10,10,1,8,3,7,1,3,0,0,0,3,107,"de la Cruz, Naledi"
2021,Spring,2021-sp,STAT,212,Biostatistics,LEC,72,54,14,22,22,14,8,13,2,0,7,0,0,2,230,"O'Halloran, Alexander"
2021,Spring,2021-sp,STAT,212,Biostatistics,LEC,38,49,48,26,31,12,2,2,8,1,4,0,4,4,229,"de la Cruz, N"
2022,Fall,2022-fa,STAT,212,Biostatistics,LCD,56,28,13,21,7,5,5,4,0,0,9,0,0,5,153,"O'Halloran, A"
2022,Spring,2022-sp,STAT,212,Biostatistics,LEC,20,26,11,11,21,9,4,0,0,0,1,0,0,3,106,"de la Cruz, Naledi"
2023,Fall,2023-fa,STAT,212,Biostatistics,LEC,20,36,33,7,17,13,1,6,3,0,0,2,0,4,142,"de la Cruz, Naledi"
2023,Fall,2023-fa,STAT,212,Biostatistics,ONL,30,23,6,7,3,12,5,2,0,9,3,0,5,2,107,"O'Halloran, Alexander"
2023,Spring,2023-sp,STAT,212,Biostatistics,LEC,55,42,23,20,11,4,0,0,2,2,0,0,3,3,165,"O'Halloran, Alexander"
2023,Spring,2023-sp,STAT,212,Biostatistics,LEC,24,26,9,13,8,11,0,1,7,3,0,0,2,1,105,"de la Cruz, Naledi"
2024,Fall,2024-fa,STAT,212,Biostatistics,LEC,57,50,22,29,13,2,11,3,5,0,5,2,1,10,210,"O'Halloran, Alexander"
2024,Spring,2024-sp,STAT,212,Biostatistics,DIS,6,5,10,1,1,3,0,0,0,0,2,0,0,0,28,"de la Cruz, N"
2024,Spring,2024-sp,STAT,212,Biostatistics,LEC,47,60,31,34,24,9,2,0,4,0,0,2,21,3,237,"de la Cruz, Naledi"
2025,Fall,2025-fa,STAT,212,Biostatistics,LEC,43,42,15,18,3,1,0,5,10,2,1,0,0,7,147,"O'Halloran, Alexander"
2025,Fall,2025-fa,STAT,212,Biostatistics,ONL,15,41,22,19,9,12,10,0,0,0,2,2,5,6,143,"de la Cruz, Naledi"
2025,Spring,2025-sp,STAT,212,Biostatistics,LCD,34,57,45,20,7,23,12,0,0,6,4,0,5,5,218,"de la Cruz, Naledi"
2020,Spring,2020-sp,STAT,385,Statistics Programming Methods,ONL,10,46,13,7,8,0,2,0,0,1,0,3,1,2,93,"Castellano, Zoltán"
2021,Fall,2021-fa,STAT,385,Statistics Programming Methods,DIS,4,14,4,2,0,1,0,2,0,0,0,0,0,3,30,"Castellano, Z"
2021,Fall,2021-fa,STAT,385,Statistics Programming Methods,LEC,11,34,2,4,5,0,0,0,2,0,0,0,0,1,59,"Bhattacharya, Oluwaseun"
2021,Fall,2021-fa,STAT,385,Statistics Programming Methods,LEC,8,28,7,0,1,4,0,6,0,0,2,0,2,1,59,"Castellano, Zoltán"
2021,Spring,2021-sp,STAT,385,Statistics Programming Methods,LEC,11,29,8,7,2,3,8,0,1,0,3,0,2,0,74,"Bhattacharya, Oluwaseun"
2021,Spring,2021-sp,STAT,385,Statistics Programming Methods,LEC,6,20,11,2,1,0,0,0,7,0,8,0,0,0,55,"Castellano, Zoltán"
2022,Spring,2022-sp,STAT,385,Statistics Programming Methods,LCD,6,25,10,6,5,1,6,1,0,2,0,0,0,2,64,"Bhattacharya, Oluwaseun"
2022,Spring,2022-sp,STAT,385,Statistics Programming Methods,LCD,8,37,9,2,8,2,0,0,0,0,1,4,0,1,72,"Castellano, Zoltán"
2023,Fall,2023-fa,STAT,385,Statistics Programming Methods,LEC,11,20,8,6,2,0,1,3,2,0,2,0,0,1,56,"Castellano, Zoltán"
2023,Spring,2023-sp,STAT,385,Statistics Programming Methods,DIS,4,13,5,1,2,0,0,2,0,0,0,1,0,0,28,"Castellano, Z"
2023,Spring,2023-sp,STAT,385,Statistics Programming Methods,LEC,24,34,15,4,6,4,0,0,7,1,2,0,5,4,106,"Bhattacharya, Oluwaseun"
2023,Spring,2023-sp,STAT,385,Statistics Programming Methods,LEC,18,36,10,4,5,4,0,0,0,0,2,0,1,1,81,"Castellano, Zoltán"
2024,Spring,2024-sp,STAT,385,Statistics Programming Methods,DIS,5,14,3,3,1,0,2,0,0,0,0,1,0,1,30,"Bhattacharya, Oluwaseun"
2024,Spring,2024-sp,STAT,385,Statistics Programming Methods,LEC,14,53,12,9,12,2,4,0,0,0,0,0,3,2,111,"Bhattacharya, Oluwaseun"
2025,Fall,2025-fa,STAT,385,Statistics Programming Methods,LCD,11,39,12,5,4,1,2,2,2,0,0,0,0,3,81,"Bhattacharya, Oluwaseun"
2025,Spring,2025-sp,STAT,385,Statistics Programming Methods,LEC,17,30,10,4,15,0,0,0,0,0,1,0,1,3,81,"Bhattacharya, Oluwaseun"
2020,Fall,2020-fa,STAT,400,Statistics and Probability I,LEC,22,41,38,7,18,0,11,8,4,2,3,3,1,2,160,"Oyelaran, William"
2020,Spring,2020-sp,STAT,400,Statistics and Probability I,LEC,38,77,31,31,11,8,0,7,20,10,3,1,0,11,248,"Oyelaran, William"
2021,Fall,2021-fa,STAT,400,Statistics and Probability I,LEC,24,25,17,12,20,11,5,5,1,1,1,6,0,7,135,"Ibáñez, Liesbeth"
2021,Spring,2021-sp,STAT,400,Statistics and Probability I,LEC,13,50,33,17,25,24,0,9,2,5,6,12,0,4,200,"Oyelaran, William"
2022,Fall,2022-fa,STAT,400,Statistics and Probability I,LCD,31,41,26,13,12,0,1,12,13,1,0,7,1,3,161,"Ibanez, Liesbeth"
2022,Fall,2022-fa,STAT,400,Statistics and Probability I,LEC,1,28,6,18,17,19,15,6,5,1,0,0,3,0,119,"Oyelaran, William"
2023,Spring,2023-sp,STAT,400,Statistics and Probability I,LEC,26,48,23,18,31,6,4,17,4,9,8,5,11,5,215,"Ibáñez, Liesbeth"
2023,Spring,2023-sp,STAT,400,Statistics and Probability I,LEC,37,54,49,33,28,25,11,14,8,10,0,0,12,14,295,"Oyelaran, William"
2024,Fall,2024-fa,STAT,400,Statistics and Probability I,LEC,25,52,32,27,21,15,10,19,11,1,4,0,1,4,222,"Ibáñez, L"
2024,Fall,2024-fa,STAT,400,Statistics and Probability I,LEC,26,45,31,21,23,3,5,0,5,7,5,7,2,4,184,"Oyelaran, William"
2024,Spring,2024-sp,STAT,400,Statistics and Probability I,LEC,17,38,10,17,10,13,9,5,6,0,6,5,0,3,139,"Ibáñez, Liesbeth"
2024,Spring,2024-sp,STAT,400,Statistics and Probability I,LEC,13,26,27,26,12,16,0,12,9,13,8,2,0,2,166,"Oyelaran, William"
2025,Spring,2025-sp,STAT,400,Statistics and Probability I,DIS,3,6,5,7,2,5,0,1,0,0,0,1,1,0,31,"N'Diaye, T"
2025,Spring,2025-sp,STAT,400,Statistics and Probability I,LEC,0,46,34,43,16,15,6,0,0,0,0,2,15,10,187,"Oyelaran, W"
2020,Spring,2020-sp,STAT,408,Actuarial Statistics I,DIS,3,7,2,5,4,4,0,1,5,1,1,0,0,1,34,"Kealoha, A"
2020,Spring,2020-sp,STAT,408,Actuarial Statistics I,LEC,4,14,7,8,5,5,0,2,5,0,3,0,0,2,55,"Kealoha, Ayşe"
2021,Fall,2021-fa,STAT,408,Actuarial Statistics I,LEC,3,6,16,5,7,13,0,2,2,0,7,0,5,6,72,"Kealoha, Ayşe"
2021,Spring,2021-sp,STAT,408,Actuarial Statistics I,LEC,5,9,5,2,1,6,6,3,3,0,4,2,6,2,54,"Kealoha, Ayşe"
2022,Fall,2022-fa,STAT,408,Actuarial Statistics I,LEC,4,10,7,1,3,1,0,3,5,0,1,0,1,0,36,"Kealoha, Ayşe"
2023,Spring,2023-sp,STAT,408,Actuarial Statistics I,LEC,2,8,4,7,4,8,8,7,9,3,0,1,0,3,64,"Kealoha, Ayşe"
2024,Fall,2024-fa,STAT,408,Actuarial Statistics I,DIS,2,4,2,3,3,1,1,1,2,0,3,0,1,0,23,"Matsuda, P"
2024,Fall,2024-fa,STAT,408,Actuarial Statistics I,LEC,1,10,8,4,3,5,1,6,1,0,0,1,3,1,44,"Kealoha, Ayşe"
2020,Spring,2020-sp,STAT,409,Actuarial Statistics II,LEC,25,11,8,9,12,7,4,10,1,1,8,1,4,4,105,"O'Halloran, Alexander"
2021,Fall,2021-fa,STAT,409,Actuarial Statistics II,DIS,5,8,1,6,6,0,2,3,1,2,0,0,1,0,35,"Matsuda, P"
2021,Fall,2021-fa,STAT,409,Actuarial Statistics II,LEC,17,17,11,9,14,5,0,6,0,1,0,0,6,4,90,"Bhattacharya, Oluwaseun"
2021,Fall,2021-fa,STAT,409,Actuarial Statistics II,LEC,14,17,17,13,22,11,6,11,0,8,0,9,0,5,133,"Grimaldi, Geoffrey"
2021,Fall,2021-fa,STAT,409,Actuarial Statistics II,LEC,24,14,13,7,9,5,2,9,2,0,11,0,0,4,100,"O'Halloran, Alexander"
2021,Spring,2021-sp,STAT,409,Actuarial Statistics II,LCD,8,21,15,3,15,9,2,0,0,0,6,0,0,3,82,"Grimaldi, Geoffrey"
2021,Spring,2021-sp,STAT,409,Actuarial Statistics II,LCD,18,27,18,2,12,4,7,4,1,0,2,0,0,4,99,"O'Halloran, Alexander"
2022,Fall,2022-fa,STAT,409,Actuarial Statistics II,LCD,8,12,3,10,12,7,0,6,2,0,7,5,0,2,74,"Bhattacharya, Oluwaseun"
2022,Fall,2022-fa,STAT,409,Actuarial Statistics II,LCD,20,7,8,9,4,4,5,5,0,1,2,3,2,3,73,"O'Halloran, Alexander"
2022,Spring,2022-sp,STAT,409,Actuarial Statistics II,LCD,9,16,7,7,7,13,6,3,4,0,3,0,4,3,82,"Grimaldi, Geoffrey"
2022,Spring,2022-sp,STAT,409,Actuarial Statistics II,LEC,21,18,13,1,24,6,7,13,1,0,3,14,2,3,126,"O'Halloran, Alexander"
2023,Fall,2023-fa,STAT,409,Actuarial Statistics II,DIS,2,4,4,1,2,0,2,0,0,0,3,1,0,0,19,"N'Diaye, T"
2023,Fall,2023-fa,STAT,409,Actuarial Statistics II,DIS,8,3,3,0,3,1,1,2,2,0,1,0,0,0,24,"O'Halloran, A"
2023,Fall,2023-fa,STAT,409,Actuarial Statistics II,LEC,17,22,14,5,14,11,5,7,0,0,1,2,1,6,105,"Bhattacharya, Oluwaseun"
2023,Fall,2023-fa,STAT,409,Actuarial Statistics II,LEC,24,20,4,13,17,3,6,3,4,5,4,0,3,4,110,"O'Halloran, Alexander"
2023,Spring,2023-sp,STAT,409,Actuarial Statistics II,LCD,14,7,12,8,10,3,3,6,0,0,1,0,5,3,72,"Grimaldi, Geoffrey"
2023,Spring,2023-sp,STAT,409,Actuarial Statistics II,LEC,10,18,12,13,15,10,9,2,7,7,1,0,5,7,116,"Bhattacharya, Oluwaseun"
2024,Spring,2024-sp,STAT,409,Actuarial Statistics II,LCD,15,15,7,9,5,6,4,3,0,2,1,3,0,2,72,"Bhattacharya, Oluwaseun"
2024,Spring,2024-sp,STAT,409,Actuarial Statistics II,LEC,17,20,15,3,7,8,7,4,6,0,0,0,1,1,89,"O'Halloran, Alexander"
2025,Fall,2025-fa,STAT,409,Actuarial Statistics II,LEC,8,16,3,7,2,10,0,5,4,0,2,1,6,2,66,"Bhattacharya, Oluwaseun"
2025,Fall,2025-fa,STAT,409,Actuarial Statistics II,LEC,16,18,13,6,9,11,3,2,0,5,3,1,0,3,90,"O'Halloran, A"
2025,Spring,2025-sp,STAT,409,Actuarial Statistics II,LCD,9,18,10,7,5,10,2,5,0,2,4,5,2,0,79,"Bhattacharya, Oluwaseun"
2020,Fall,2020-fa,STAT,410,Statistics and Probability II,LEC,7,11,12,8,9,9,1,1,7,0,0,1,1,0,67,"de la Cruz, Naledi"
2020,Spring,2020-sp,STAT,410,Statistics and Probability II,LEC,10,14,3,4,1,1,2,0,2,0,0,9,1,0,47,"Haruna, J"
2020,Spring,2020-sp,STAT,410,Statistics and Probability II,LEC,13,24,9,18,17,11,4,1,2,0,6,0,0,2,107,"de la Cruz, Naledi"
2021,Fall,2021-fa,STAT,410,Statistics and Probability II,LEC,0,14,12,4,1,5,4,2,1,3,7,1,0,1,55,"de la Cruz, N"
2021,Fall,2021-fa,STAT,410,Statistics and Probability II,ONL,18,6,3,4,3,0,4,9,2,5,3,3,3,4,67,"Haruna, James"
2021,Spring,2021-sp,STAT,410,Statistics and Probability II,LCD,20,6,7,7,9,4,3,4,1,1,1,0,1,1,65,"Haruna, J"
2022,Fall,2022-fa,STAT,410,Statistics and Probability II,ONL,9,23,6,2,6,11,3,1,0,4,3,0,7,2,77,"de la Cruz, Naledi"
2022,Spring,2022-sp,STAT,410,Statistics and Probability II,LEC,15,16,7,9,4,1,1,2,3,0,0,5,0,0,63,"Haruna, James"
2023,Fall,2023-fa,STAT,410,Statistics and Probability II,LEC,21,19,1,16,13,9,7,1,1,2,6,3,1,2,102,"Haruna, James"
2023,Fall,2023-fa,STAT,410,Statistics and Probability II,LEC,11,26,9,12,14,2,0,2,0,6,7,1,4,2,96,"de-la-Cruz, Naledi"
2024,Fall,2024-fa,STAT,410,Statistics and Probability II,DIS,4,4,2,1,3,0,2,0,0,0,0,0,3,1,20,"de la Cruz, N"
2024,Fall,2024-fa,STAT,410,Statistics and Probability II,LEC,6,10,13,6,5,2,2,0,9,0,0,5,0,2,60,"de-la-Cruz, Naledi"
2024,Spring,2024-sp,STAT,410,Statistics and Probability II,DIS,6,1,1,1,1,0,0,1,0,3,0,0,0,0,14,"Haruna, J"
2024,Spring,2024-sp,STAT,410,Statistics and Probability II,LEC,20,6,4,3,6,3,3,1,1,3,3,0,1,2,56,"Haruna, James"
2025,Fall,2025-fa,STAT,410,Statistics and Probability II,LEC,10,18,14,1,7,8,4,0,0,3,1,0,1,0,67,"de la Cruz, Naledi"
2020,Fall,2020-fa,STAT,420,Methods of Applied Statistics,LEC,26,57,19,4,10,1,0,0,0,0,4,0,0,5,126,"Tremblay, Eitan"
2020,Spring,2020-sp,STAT,420,Methods of Applied Statistics,DIS,7,9,4,0,7,0,2,1,3,0,1,0,5,3,42,"Matsuda, P"
2020,Spring,2020-sp,STAT,420,Methods of Applied Statistics,LEC,25,30,14,6,8,8,3,2,5,0,0,3,3,3,110,"Tremblay, E"
2021,Fall,2021-fa,STAT,420,Methods of Applied Statistics,LEC,15,26,11,7,3,0,1,1,0,3,0,0,0,3,70,"Tremblay, E"
2022,Spring,2022-sp,STAT,420,Methods of Applied Statistics,LCD,20,23,11,10,5,0,1,3,0,2,0,0,1,4,80,"Tremblay, Eitan"
2023,Spring,2023-sp,STAT,420,Methods of Applied Statistics,LEC,22,41,8,10,14,0,7,0,0,0,2,0,4,2,110,"Tremblay, Eitan"
2024,Fall,2024-fa,STAT,420,Methods of Applied Statistics,LEC,36,32,15,5,6,2,3,1,2,0,2,0,0,1,105,"Tremblay, Eitan"
2020,Fall,2020-fa,STAT,425,Statistical Modeling I,LEC,25,11,7,2,4,3,2,0,4,0,0,0,0,1,59,"Haruna, James"
2020,Spring,2020-sp,STAT,425,Statistical Modeling I,LCD,19,34,12,9,10,5,0,0,5,0,3,1,6,4,108,"Tremblay, Eitan"
2020,Spring,2020-sp,STAT,425,Statistical Modeling I,LEC,14,8,4,9,5,0,0,1,0,0,0,1,0,1,43,"Haruna, James"
2021,Spring,2021-sp,STAT,425,Statistical Modeling I,LEC,24,7,7,8,3,2,0,4,1,3,0,6,1,1,67,"Haruna, James"
2021,Spring,2021-sp,STAT,425,Statistical Modeling I,LEC,14,15,9,7,3,6,3,0,0,1,1,0,0,1,60,"Tremblay, Eitan"
2022,Fall,2022-fa,STAT,425,Statistical Modeling I,DIS,14,5,6,1,0,1,0,0,0,0,0,0,0,2,29,"Haruna, J"
2022,Fall,2022-fa,STAT,425,Statistical Modeling I,LEC,25,19,7,9,0,0,2,0,0,1,0,3,2,2,70,"Haruna, James"
2022,Spring,2022-sp,STAT,425,Statistical Modeling I,DIS,4,2,1,1,3,0,1,2,0,0,0,1,0,0,15,"Haruna, J"
2022,Spring,2022-sp,STAT,425,Statistical Modeling I,DIS,5,4,5,2,0,2,0,0,0,0,0,0,0,0,18,"N'Diaye, T"
2022,Spring,2022-sp,STAT,425,Statistical Modeling I,LEC,35,22,11,6,7,2,0,0,0,0,0,1,0,2,86,"Haruna, James"
2022,Spring,2022-sp,STAT,425,Statistical Modeling I,LEC,14,17,4,9,6,3,2,2,2,3,2,0,1,4,69,"Tremblay, Eitan"
2023,Spring,2023-sp,STAT,425,Statistical Modeling I,LEC,8,12,11,5,4,4,2,0,0,0,0,0,0,1,47,"Haruna, J"
2023,Spring,2023-sp,STAT,425,Statistical Modeling I,LEC,16,24,2,4,2,4,0,3,4,3,1,0,2,0,65,"Tremblay, Eitan"
2024,Fall,2024-fa,STAT,425,Statistical Modeling I,LEC,21,25,5,7,5,3,2,0,7,6,0,0,3,4,88,"Haruna, James"
2024,Fall,2024-fa,STAT,425,Statistical Modeling I,LEC,21,18,3,6,5,4,1,1,3,0,4,0,4,1,71,"Tremblay, E"
2024,Spring,2024-sp,STAT,425,Statistical Modeling I,LCD,10,21,15,9,5,7,7,5,0,0,0,5,0,2,86,"Tremblay, Eitan"
2020,Fall,2020-fa,STAT,426,Statistical Modeling II,DIS,4,9,4,1,2,2,0,2,0,0,1,1,1,2,29,"Haldane, B"
2020,Fall,2020-fa,STAT,426,Statistical Modeling II,LEC,8,26,15,19,11,3,0,2,3,1,1,0,0,1,90,"Haldane, B"
2021,Spring,2021-sp,STAT,426,Statistical Modeling II,LEC,9,20,8,4,1,1,1,4,0,4,0,0,0,1,53,"Haldane, Bolanle"
2022,Fall,2022-fa,STAT,426,Statistical Modeling II,LCD,7,22,5,3,4,2,4,2,1,0,4,0,2,2,58,"Haldane, B"
2020,Fall,2020-fa,STAT,428,Statistical Computing,DIS,3,6,5,5,3,4,0,1,1,1,0,0,0,1,30,"Kealoha, A"
2020,Fall,2020-fa,STAT,428,Statistical Computing,LEC,10,22,11,3,1,1,5,0,0,0,1,0,0,3,57,"Kealoha, A"
2020,Fall,2020-fa,STAT,428,Statistical Computing,LEC,26,13,6,4,5,1,1,6,0,2,0,0,2,1,67,"Quintanilla, Rohan"
2020,Spring,2020-sp,STAT,428,Statistical Computing,LEC,13,15,14,9,7,7,0,3,4,2,0,0,0,1,75,"Castellano, Zoltán"
2020,Spring,2020-sp,STAT,428,Statistical Computing,LEC,6,16,3,4,0,2,0,3,1,1,0,3,6,1,46,"Kealoha, Ayşe"
2021,Fall,2021-fa,STAT,428,Statistical Computing,DIS,12,2,0,0,0,0,0,0,0,0,0,0,2,0,16,"Quintanilla, R"
2021,Fall,2021-fa,STAT,428,Statistical Computing,LEC,18,19,6,6,6,0,1,2,0,2,0,3,0,4,67,"Quintanilla, Rohan"
2021,Spring,2021-sp,STAT,428,Statistical Computing,LCD,5,12,11,1,9,2,3,1,0,1,5,0,5,0,55,"Castellano, Zoltán"
2021,Spring,2021-sp,STAT,428,Statistical Computing,LEC,19,24,14,5,5,9,5,0,0,0,2,6,0,4,93,"Kealoha, Ayşe"
2022,Fall,2022-fa,STAT,428,Statistical Computing,DIS,1,4,4,0,1,0,0,0,0,0,1,0,0,0,11,"Castellano, Z"
2022,Fall,2022-fa,STAT,428,Statistical Computing,LEC,2,19,9,3,6,1,3,3,0,0,0,1,5,0,52,"Castellano, Zoltán"
2022,Fall,2022-fa,STAT,428,Statistical Computing,LEC,9,14,8,4,4,0,0,0,0,2,0,0,4,4,49,"Kealoha, Ayşe"
2022,Fall,2022-fa,STAT,428,Statistical Computing,ONL,32,12,3,4,6,2,0,0,0,0,0,1,0,2,62,"Quintanilla, Rohan"
2022,Spring,2022-sp,STAT,428,Statistical Computing,LCD,26,14,13,8,6,2,0,3,0,0,4,0,0,5,81,"Quintanilla, Rohan"
2022,Spring,2022-sp,STAT,428,Statistical Computing,LEC,10,10,8,6,6,2,3,5,0,1,0,1,0,1,53,"Castellano, Zoltán"
2023,Fall,2023-fa,STAT,428,Statistical Computing,DIS,2,6,5,0,2,3,0,2,0,0,0,0,1,0,21,"Matsuda, P"
2023,Fall,2023-fa,STAT,428,Statistical Computing,LEC,7,25,9,1,6,5,2,5,5,0,6,3,4,2,80,"Castellano, Z"
2023,Fall,2023-fa,STAT,428,Statistical Computing,LEC,22,10,15,9,4,3,0,0,0,0,0,0,1,1,65,"Quintanilla, Rohan"
2023,Spring,2023-sp,STAT,428,Statistical Computing,ONL,5,18,9,9,6,7,2,3,0,0,0,0,2,4,65,"Kealoha, Ayşe"
2024,Fall,2024-fa,STAT,428,Statistical Computing,LCD,28,12,7,12,5,1,1,4,0,0,0,1,0,4,75,"Quintanilla, R"
2024,Fall,2024-fa,STAT,428,Statistical Computing,LEC,13,21,7,2,3,2,5,2,3,1,1,0,0,8,68,"Kealoha, A"
2020,Fall,2020-fa,STAT,430,Topic: Baseball Analytics,DIS,2,5,4,4,0,0,0,0,0,1,2,0,0,0,18,"Ólafsdóttir, A"
2020,Fall,2020-fa,STAT,430,Topic: Baseball Analytics,LEC,14,10,5,2,1,1,1,0,1,0,2,0,0,1,38,"Jankowski, Elif"
2020,Fall,2020-fa,STAT,430,Topic: Baseball Analytics,LEC,6,21,12,4,2,1,7,0,1,0,5,0,0,1,60,"Ólafsdóttir, Anjali"
2020,Spring,2020-sp,STAT,430,Topic: Baseball Analytics,LCD,15,13,9,6,3,1,0,1,1,0,0,0,0,3,52,"Jankowski, Elif"
2021,Fall,2021-fa,STAT,430,Topic: Baseball Analytics,LCD,10,20,5,1,2,7,0,0,6,1,4,0,3,1,60,"Ólafsdóttir, Anjali"
2021,Fall,2021-fa,STAT,430,Topic: Baseball Analytics,LEC,12,6,6,2,0,0,0,0,0,0,1,0,0,1,28,"Jankowski, Elif"
2022,Fall,2022-fa,STAT,430,Topic: Baseball Analytics,DIS,1,3,1,1,1,0,0,1,0,0,0,0,0,0,8,"Ólafsdóttir, A"
2022,Fall,2022-fa,STAT,430,Topic: Baseball Analytics,LEC,17,9,2,5,4,1,1,0,6,2,0,0,0,1,48,"Jankowski, Elif"
2022,Fall,2022-fa,STAT,430,Topic: Baseball Analytics,LEC,9,12,6,7,4,3,5,2,0,1,0,1,2,3,55,"Ólafsdóttir, Anjali"
2023,Fall,2023-fa,STAT,430,Topic: Baseball Analytics,LCD,19,6,13,0,2,1,0,4,0,1,0,0,1,1,48,"Jankowski, Elif"
2023,Spring,2023-sp,STAT,430,Topic: Baseball Analytics,DIS,0,5,1,0,0,0,1,1,0,0,0,0,0,0,8,"Ólafsdóttir, A"
2023,Spring,2023-sp,STAT,430,Topic: Baseball Analytics,LEC,6,6,1,4,6,4,0,1,0,4,2,2,3,1,40,"Ólafsdóttir, Anjali"
2024,Fall,2024-fa,STAT,430,Topic: Baseball Analytics,LEC,15,13,7,2,1,0,2,2,1,5,0,0,0,1,49,"Jankowski, Elif"
2024,Spring,2024-sp,STAT,430,Topic: Baseball Analytics,DIS,10,2,4,0,0,0,0,1,0,2,0,1,0,3,23,"Jankowski, E"
2024,Spring,2024-sp,STAT,430,Topic: Baseball Analytics,LEC,15,12,8,6,3,0,4,2,0,0,0,0,0,0,50,"Jankowski, Elif"
2025,Fall,2025-fa,STAT,430,Topic: Baseball Analytics,LEC,22,8,1,10,2,1,0,0,1,0,1,0,0,1,47,"Jankowski, Elif"
2025,Spring,2025-sp,STAT,430,Topic: Baseball Analytics,LEC,18,13,4,2,1,1,0,9,0,4,0,2,0,5,59,"Jankowski, E"
2020,Fall,2020-fa,STAT,432,Basics of Statistical Learning,DIS,5,5,2,1,2,1,0,0,1,0,0,0,0,0,17,"Danforth, L"
2020,Fall,2020-fa,STAT,432,Basics of Statistical Learning,LEC,48,31,16,7,3,1,1,0,0,3,5,0,2,1,118,"Danforth, Liesbeth"
2021,Fall,2021-fa,STAT,432,Basics of Statistical Learning,LCD,33,35,6,8,6,5,2,0,0,0,0,0,3,2,100,"Danforth, Liesbeth"
2022,Fall,2022-fa,STAT,432,Basics of Statistical Learning,LEC,38,24,16,7,0,2,2,2,0,0,0,0,0,3,94,"Danforth, Liesbeth"
2023,Spring,2023-sp,STAT,432,Basics of Statistical Learning,LEC,14,15,3,1,2,6,2,3,0,1,0,0,3,2,52,"Danforth, Liesbeth"
2024,Spring,2024-sp,STAT,432,Basics of Statistical Learning,LEC,21,15,3,1,9,0,3,6,0,0,0,0,0,5,63,"Danforth, Liesbeth"
2025,Spring,2025-sp,STAT,432,Basics of Statistical Learning,LEC,29,24,9,6,0,1,1,0,0,0,1,1,0,1,73,"Danforth, L"
2020,Fall,2020-fa,STAT,440,Statistical Data Management,DIS,3,6,1,1,1,0,3,0,0,0,0,0,0,1,16,"Matsuda, P"
2020,Fall,2020-fa,STAT,440,Statistical Data Management,LCD,8,23,12,1,5,5,0,1,0,1,0,0,0,0,56,"Oyelaran, William"
2020,Fall,2020-fa,STAT,440,Statistical Data Management,LEC,22,17,4,0,0,0,1,0,3,0,0,4,0,0,51,"Haruna, James"
2021,Fall,2021-fa,STAT,440,Statistical Data Management,LCD,4,10,6,2,3,0,0,0,1,0,0,0,0,0,26,"van der Berg, Bolanle"
2021,Fall,2021-fa,STAT,440,Statistical Data Management,LEC,9,17,9,5,5,2,0,0,0,0,0,0,0,2,49,"Oyelaran, William"
2021,Spring,2021-sp,STAT,440,Statistical Data Management,LEC,13,24,4,9,0,2,0,0,3,0,2,0,0,3,60,"Haruna, James"
2021,Spring,2021-sp,STAT,440,Statistical Data Management,ONL,13,35,6,5,1,2,0,0,1,0,3,0,0,2,68,"van der Berg, B"
2022,Fall,2022-fa,STAT,440,Statistical Data Management,LCD,23,10,4,2,0,0,0,0,0,0,1,1,0,1,42,"Haruna, James"
2022,Fall,2022-fa,STAT,440,Statistical Data Management,LCD,31,25,8,4,2,2,0,0,0,2,0,1,2,0,77,"van der Berg, Bolanle"
2022,Fall,2022-fa,STAT,440,Statistical Data Management,ONL,4,24,8,3,5,2,0,4,0,0,0,0,0,1,51,"Oyelaran, William"
2023,Fall,2023-fa,STAT,440,Statistical Data Management,DIS,3,6,2,1,0,0,0,0,0,0,0,0,0,0,12,"Matsuda, P"
2023,Fall,2023-fa,STAT,440,Statistical Data Management,LCD,22,27,2,12,8,2,0,0,0,0,0,0,0,1,74,"van der Berg, Bolanle"
2023,Fall,2023-fa,STAT,440,Statistical Data Management,LEC,9,21,14,6,6,4,1,0,0,1,0,0,1,1,64,"Oyelaran, W"
2023,Spring,2023-sp,STAT,440,Statistical Data Management,DIS,5,1,2,0,0,0,0,0,0,0,0,0,0,0,8,"van der Berg, B"
2023,Spring,2023-sp,STAT,440,Statistical Data Management,LEC,23,23,10,8,0,2,1,0,0,0,0,0,0,1,68,"Haruna, James"
2023,Spring,2023-sp,STAT,440,Statistical Data Management,LEC,14,19,2,3,3,2,0,1,5,0,0,0,0,3,52,"van der Berg, Bolanle"
2024,Fall,2024-fa,STAT,440,Statistical Data Management,DIS,7,8,2,0,0,1,1,2,0,0,0,0,0,0,21,"van der Berg, B"
2024,Fall,2024-fa,STAT,440,Statistical Data Management,LEC,7,2,1,4,0,0,0,0,1,0,0,0,1,1,17,"Haruna, James"
2024,Fall,2024-fa,STAT,440,Statistical Data Management,LEC,6,23,6,9,3,1,0,1,0,0,0,1,0,3,53,"van der Berg, Bolanle"
2024,Spring,2024-sp,STAT,440,Statistical Data Management,DIS,1,4,3,2,2,0,0,1,0,0,0,0,0,0,13,"N'Diaye, T"
2024,Spring,2024-sp,STAT,440,Statistical Data Management,LEC,14,20,4,6,3,7,3,2,1,1,0,0,0,3,64,"Oyelaran, William"
2025,Fall,2025-fa,STAT,440,Statistical Data Management,DIS,5,6,4,5,4,1,0,0,0,0,0,0,0,1,26,"van der Berg, B"
2025,Fall,2025-fa,STAT,440,Statistical Data Management,LEC,11,18,5,3,9,0,0,6,0,0,4,0,1,1,58,"van der Berg, Bolanle"
2025,Spring,2025-sp,STAT,440,Statistical Data Management,LEC,6,15,6,7,3,2,0,0,0,4,0,0,0,0,43,"Oyelaran, William"
2020,Spring,2020-sp,STAT,448,Advanced Data Analysis,LEC,3,13,10,5,3,0,0,2,0,1,0,0,3,1,41,"Oyelaran, William"
2021,Fall,2021-fa,STAT,448,Advanced Data Analysis,LEC,2,12,6,11,5,0,4,0,4,0,0,0,2,0,46,"Oyelaran, William"
2021,Spring,2021-sp,STAT,448,Advanced Data Analysis,LEC,4,12,9,5,3,0,0,0,0,0,0,0,0,0,33,"Oyelaran, William"
2022,Spring,2022-sp,STAT,448,Advanced Data Analysis,LEC,6,14,2,3,3,2,1,1,0,1,0,2,0,3,38,"Oyelaran, William"
2023,Fall,2023-fa,STAT,448,Advanced Data Analysis,LEC,2,7,10,6,3,1,0,0,0,0,0,6,1,1,37,"Oyelaran, William"
2023,Spring,2023-sp,STAT,448,Advanced Data Analysis,DIS,1,9,2,1,0,1,1,0,0,0,0,0,0,0,15,"Oyelaran, W"
2023,Spring,2023-sp,STAT,448,Advanced Data Analysis,LEC,5,14,9,0,4,3,2,2,3,3,0,2,0,1,48,"Oyelaran, William"
2024,Fall,2024-fa,STAT,448,Advanced Data Analysis,DIS,3,3,2,2,0,0,1,0,0,1,1,0,0,0,13,"Oyelaran, W"
2024,Fall,2024-fa,STAT,448,Advanced Data Analysis,LEC,3,12,5,0,6,0,2,0,0,0,0,0,1,1,30,"Oyelaran, William"
2025,Fall,2025-fa,STAT,448,Advanced Data Analysis,DIS,1,3,3,1,0,1,1,0,0,0,0,1,0,2,13,"Oyelaran, W"
2025,Fall,2025-fa,STAT,448,Advanced Data Analysis,LEC,2,17,7,1,7,2,4,0,0,0,0,0,0,1,41,"Oyelaran, William"
2025,Spring,2025-sp,STAT,448,Advanced Data Analysis,ONL,2,10,12,7,4,2,1,4,0,1,0,0,1,1,45,"Oyelaran, William"
2020,Fall,2020-fa,STAT,510,Mathematical Statistics,LCD,8,16,14,5,5,3,3,3,0,0,0,0,0,1,58,"Ólafsdóttir, Anjali"
2020,Spring,2020-sp,STAT,510,Mathematical Statistics,DIS,0,3,2,0,1,0,0,1,0,1,0,2,0,0,10,"Ólafsdóttir, A"
2020,Spring,2020-sp,STAT,510,Mathematical Statistics,LEC,5,14,6,1,1,1,0,2,2,0,0,0,2,1,35,"Ólafsdóttir, Anjali"
2021,Fall,2021-fa,STAT,510,Mathematical Statistics,LEC,6,15,5,8,8,2,0,0,0,0,0,0,0,1,45,"Ólafsdóttir, Anjali"
2021,Fall,2021-fa,STAT,510,Mathematical Statistics,ONL,4,23,10,8,2,5,0,1,6,0,1,1,0,2,63,"Ibáñez, Liesbeth"
2022,Fall,2022-fa,STAT,510,Mathematical Statistics,LEC,8,23,11,2,3,1,4,0,2,2,2,1,0,2,61,"Ibáñez, Liesbeth Jr"
2022,Spring,2022-sp,STAT,510,Mathematical Statistics,LCD,6,12,3,3,6,1,4,0,0,0,0,0,3,3,41,"Ólafsdóttir, Anjali"
2023,Fall,2023-fa,STAT,510,Mathematical Statistics,LCD,7,7,5,4,6,2,2,1,0,0,0,0,0,1,35,"Ibáñez, Liesbeth"
2023,Spring,2023-sp,STAT,510,Mathematical Statistics,LEC,11,21,10,6,3,0,2,0,1,0,1,0,0,3,58,"Ibáñez, Liesbeth"
2023,Spring,2023-sp,STAT,510,Mathematical Statistics,LEC,14,15,11,11,2,1,1,2,0,0,0,3,1,2,63,"Ólafsdóttir, Anjali"
2024,Fall,2024-fa,STAT,510,Mathematical Statistics,LEC,8,10,9,7,6,2,1,0,0,0,1,0,0,0,44,"Ibáñez, Liesbeth"
2024,Spring,2024-sp,STAT,510,Mathematical Statistics,LCD,10,23,10,13,0,0,0,0,0,2,0,0,0,2,60,"Ibáñez, Liesbeth"
2020,Fall,2020-fa,STAT,542,Statistical Learning,DIS,7,11,3,2,0,0,0,0,0,0,0,0,0,2,25,"O'Halloran, A"
2020,Fall,2020-fa,STAT,542,Statistical Learning,LEC,13,17,6,4,2,0,2,0,2,0,0,0,0,2,48,"O'Halloran, Alexander"
2020,Spring,2020-sp,STAT,542,Statistical Learning,DIS,6,4,1,1,0,1,0,2,0,1,0,0,2,1,19,"Danforth, L"
2020,Spring,2020-sp,STAT,542,Statistical Learning,LEC,29,25,5,2,8,6,0,2,0,1,0,2,0,5,85,"Danforth, Liesbeth"
2021,Fall,2021-fa,STAT,542,Statistical Learning,LCD,14,16,2,1,0,0,0,0,0,0,0,1,2,1,37,"Danforth, Liesbeth"
2021,Fall,2021-fa,STAT,542,Statistical Learning,LCD,23,35,8,1,0,3,0,0,2,3,1,1,0,2,79,"O'Halloran, Alexander"
2021,Spring,2021-sp,STAT,542,Statistical Learning,ONL,20,14,4,0,1,0,3,5,3,0,0,0,0,1,51,"Danforth, Liesbeth"
2022,Fall,2022-fa,STAT,542,Statistical Learning,LEC,17,19,6,0,0,0,1,0,0,2,0,0,2,1,48,"O'Halloran, Alex"
2022,Spring,2022-sp,STAT,542,Statistical Learning,LCD,29,25,9,0,3,0,0,2,0,0,0,0,2,2,72,"Danforth, Liesbeth"
2023,Fall,2023-fa,STAT,542,Statistical Learning,LEC,37,15,4,5,3,0,3,0,0,0,2,0,0,2,71,"Danforth, Liesbeth"
2023,Spring,2023-sp,STAT,542,Statistical Learning,LCD,11,17,3,0,0,4,0,0,0,0,0,1,0,0,36,"O'Halloran, Alexander"
2023,Spring,2023-sp,STAT,542,Statistical Learning,ONL,23,19,6,5,2,2,3,0,0,1,0,2,3,1,67,"Danforth, Liesbeth"
2024,Fall,2024-fa,STAT,542,Statistical Learning,LEC,18,10,5,1,4,0,0,0,2,0,0,0,0,2,42,"Danforth, Liesbeth"
2024,Fall,2024-fa,STAT,542,Statistical Learning,LEC,17,22,8,10,1,2,0,1,2,3,0,0,2,4,72,"O'Halloran, Alexander"
2024,Spring,2024-sp,STAT,542,Statistical Learning,DIS,3,14,3,0,0,0,0,0,0,0,0,0,0,0,20,"Matsuda, P"
2024,Spring,2024-sp,STAT,542,Statistical Learning,LEC,11,23,5,4,1,0,0,1,4,2,0,0,0,0,51,"O'Halloran, Alexander"
2025,Spring,2025-sp,STAT,542,Statistical Learning,LEC,27,22,1,4,0,6,0,0,5,0,0,0,0,1,66,"Danforth, Liesbeth"
2025,Spring,2025-sp,STAT,542,Statistical Learning,LEC,20,26,5,4,0,1,0,4,0,0,0,0,2,0,62,"O'Halloran, Alexander"
